,http://viaf.org/viaf/10199751
0,http://viaf.org/viaf/102329138/
20,http://viaf.org/viaf/10236254/
21,http://viaf.org/viaf/10236296
23,http://viaf.org/viaf/10236352/
26,http://viaf.org/viaf/10236443/
28,http://viaf.org/viaf/10236600/
29,http://viaf.org/viaf/10236628
31,http://viaf.org/viaf/106970843/
46,http://viaf.org/viaf/11298390/
47,http://viaf.org/viaf/1181145857144222922988
48,http://viaf.org/viaf/1205148523891420970000
49,http://viaf.org/viaf/12693704/
50,http://viaf.org/viaf/12694038/
51,http://viaf.org/viaf/12694040/
52,http://viaf.org/viaf/13110116/
55,http://viaf.org/viaf/13118051/
57,http://viaf.org/viaf/133145542408596641476
58,http://viaf.org/viaf/136773016/
59,http://viaf.org/viaf/14580863/
61,http://viaf.org/viaf/15114392/
62,http://viaf.org/viaf/15159369/
63,http://viaf.org/viaf/15159416
65,http://viaf.org/viaf/15159557/
66,http://viaf.org/viaf/15159588/
67,http://viaf.org/viaf/15159672
68,http://viaf.org/viaf/15159906/
69,http://viaf.org/viaf/15160198/
70,http://viaf.org/viaf/1591145856888022920282/
71,http://viaf.org/viaf/160582729/
73,http://viaf.org/viaf/173979407/
74,http://viaf.org/viaf/174953613
75,http://viaf.org/viaf/175439370/
76,http://viaf.org/viaf/17563459
77,http://viaf.org/viaf/175807631
82,http://viaf.org/viaf/175889326
83,http://viaf.org/viaf/17613846/
84,http://viaf.org/viaf/17613880
86,http://viaf.org/viaf/17614120/
87,http://viaf.org/viaf/17614203/
88,http://viaf.org/viaf/17614257/
89,http://viaf.org/viaf/17614288/
90,http://viaf.org/viaf/17614328
92,http://viaf.org/viaf/17614392/
93,http://viaf.org/viaf/17614584/
94,http://viaf.org/viaf/17614647
96,http://viaf.org/viaf/17614652/
97,http://viaf.org/viaf/17656169
98,http://viaf.org/viaf/176578712/
99,http://viaf.org/viaf/176601643
100,http://viaf.org/viaf/176689689/
101,http://viaf.org/viaf/176712634/
102,http://viaf.org/viaf/177498537/
106,http://viaf.org/viaf/178615788/
107,http://viaf.org/viaf/178619636/
108,http://viaf.org/viaf/179000193
109,http://viaf.org/viaf/179422127/
110,http://viaf.org/viaf/179525222/
111,http://viaf.org/viaf/179621775/
112,http://viaf.org/viaf/179834949
114,http://viaf.org/viaf/179938854
115,http://viaf.org/viaf/18024015
116,http://viaf.org/viaf/180672735/
117,http://viaf.org/viaf/180959031
119,http://viaf.org/viaf/181070389/
120,http://viaf.org/viaf/181149997
121,http://viaf.org/viaf/181778886/
122,http://viaf.org/viaf/182457168
123,http://viaf.org/viaf/182467455/
128,http://viaf.org/viaf/183505416/
130,http://viaf.org/viaf/184315487/
131,http://viaf.org/viaf/184435535/
135,http://viaf.org/viaf/184746618/
136,http://viaf.org/viaf/185068871
137,http://viaf.org/viaf/186632325/
138,http://viaf.org/viaf/188290833/
139,http://viaf.org/viaf/189366789/
141,http://viaf.org/viaf/190939886/
142,http://viaf.org/viaf/191527600/
143,http://viaf.org/viaf/196908322/
174,http://viaf.org/viaf/198679898
178,http://viaf.org/viaf/20068820
179,http://viaf.org/viaf/20069165/
181,http://viaf.org/viaf/20069235/
182,http://viaf.org/viaf/20069257/
183,http://viaf.org/viaf/20069430
184,http://viaf.org/viaf/20069448
185,http://viaf.org/viaf/20069469/
186,http://viaf.org/viaf/20069578/
188,http://viaf.org/viaf/20069584/
190,http://viaf.org/viaf/20069668/
194,http://viaf.org/viaf/20069725/
195,http://viaf.org/viaf/20069804
196,http://viaf.org/viaf/201033539/
197,http://viaf.org/viaf/202077757/
198,http://viaf.org/viaf/203307801
199,http://viaf.org/viaf/203734715/
200,http://viaf.org/viaf/20485304/
201,http://viaf.org/viaf/2062421/
202,http://viaf.org/viaf/207289758
203,http://viaf.org/viaf/208711830/
204,http://viaf.org/viaf/212905522/
205,http://viaf.org/viaf/213115918/
209,http://viaf.org/viaf/213401559/
210,http://viaf.org/viaf/217030559
211,http://viaf.org/viaf/217035861/
213,http://viaf.org/viaf/217068686/
214,http://viaf.org/viaf/219971275/
224,http://viaf.org/viaf/222416649/
225,http://viaf.org/viaf/22527937
226,http://viaf.org/viaf/22527959
227,http://viaf.org/viaf/22528058
229,http://viaf.org/viaf/22528070/
230,http://viaf.org/viaf/22528101/
232,http://viaf.org/viaf/22528252/
233,http://viaf.org/viaf/22528494
235,http://viaf.org/viaf/2437490/
248,http://viaf.org/viaf/24945851
249,http://viaf.org/viaf/24990054/
250,http://viaf.org/viaf/24990096/
251,http://viaf.org/viaf/24990134/
252,http://viaf.org/viaf/24990201
253,http://viaf.org/viaf/24990217
254,http://viaf.org/viaf/24990446
255,http://viaf.org/viaf/24990467
256,http://viaf.org/viaf/24990498/
257,http://viaf.org/viaf/24990825
258,http://viaf.org/viaf/250850834/
259,http://viaf.org/viaf/25395398/
264,http://viaf.org/viaf/26126432/
266,http://viaf.org/viaf/26128054
267,http://viaf.org/viaf/261466777/
268,http://viaf.org/viaf/261471855
270,http://viaf.org/viaf/261475907/
308,http://viaf.org/viaf/262855657/
309,http://viaf.org/viaf/267164378
310,http://viaf.org/viaf/268408013/
311,http://viaf.org/viaf/268711738/
312,http://viaf.org/viaf/270151246607744132892/
313,http://viaf.org/viaf/27455158/
314,http://viaf.org/viaf/27455189/
315,http://viaf.org/viaf/27455221/
316,http://viaf.org/viaf/27455428
317,http://viaf.org/viaf/27455444
318,http://viaf.org/viaf/27455459/
319,http://viaf.org/viaf/27455561
320,http://viaf.org/viaf/27455574/
323,http://viaf.org/viaf/27455617
324,http://viaf.org/viaf/27455968/
325,http://viaf.org/viaf/27456017/
326,http://viaf.org/viaf/27879861
327,http://viaf.org/viaf/280149294320080521819/
328,http://viaf.org/viaf/280790911/
329,http://viaf.org/viaf/282021762/
330,http://viaf.org/viaf/283568489/
331,http://viaf.org/viaf/283747658
332,http://viaf.org/viaf/285120780
333,http://viaf.org/viaf/285597141/
335,http://viaf.org/viaf/2857432/
336,http://viaf.org/viaf/2857547
337,http://viaf.org/viaf/2857575/
338,http://viaf.org/viaf/2857727/
341,http://viaf.org/viaf/2857855/
342,http://viaf.org/viaf/2857942
343,http://viaf.org/viaf/2857957/
344,http://viaf.org/viaf/2858127
345,http://viaf.org/viaf/2858189/
346,http://viaf.org/viaf/2858382/
347,http://viaf.org/viaf/286187737
348,http://viaf.org/viaf/288735225/
350,http://viaf.org/viaf/289880802/
351,http://viaf.org/viaf/290064523/
352,http://viaf.org/viaf/290550745/
353,http://viaf.org/viaf/291108191/
354,http://viaf.org/viaf/29501495/
355,http://viaf.org/viaf/2960155708696222580001/
356,http://viaf.org/viaf/298660587/
357,http://viaf.org/viaf/29918664/
358,http://viaf.org/viaf/29920332/
359,http://viaf.org/viaf/29920748/
360,http://viaf.org/viaf/29920805/
361,http://viaf.org/viaf/29920880/
362,http://viaf.org/viaf/29921118/
363,http://viaf.org/viaf/299558784/
366,http://viaf.org/viaf/303438479
368,http://viaf.org/viaf/305392503/
369,http://viaf.org/viaf/305392576/
370,http://viaf.org/viaf/305392602
371,http://viaf.org/viaf/305392619
372,http://viaf.org/viaf/306063705/
377,http://viaf.org/viaf/311315969/
380,http://viaf.org/viaf/311417543
381,http://viaf.org/viaf/31982276/
382,http://viaf.org/viaf/32386050/
383,http://viaf.org/viaf/32386066/
387,http://viaf.org/viaf/32386389
388,http://viaf.org/viaf/32386475/
389,http://viaf.org/viaf/32386819
390,"http://viaf.org/viaf/32386888"""
391,http://viaf.org/viaf/32804852/
392,http://viaf.org/viaf/34843353/
393,http://viaf.org/viaf/34843376
394,http://viaf.org/viaf/34843382/
395,http://viaf.org/viaf/34843767/
396,http://viaf.org/viaf/34844152/
398,http://viaf.org/viaf/35149365930885600920/
399,http://viaf.org/viaf/37304311
400,http://viaf.org/viaf/37304348/
402,http://viaf.org/viaf/37304714
403,http://viaf.org/viaf/37304779/
404,http://viaf.org/viaf/37304831/
406,http://viaf.org/viaf/37304849/
407,http://viaf.org/viaf/37304877/
410,http://viaf.org/viaf/37305001/
411,http://viaf.org/viaf/37305055/
412,http://viaf.org/viaf/37305064
413,http://viaf.org/viaf/37305072/
414,http://viaf.org/viaf/37344304/
415,http://viaf.org/viaf/38426494/
417,http://viaf.org/viaf/39766356/
418,http://viaf.org/viaf/39766394
419,http://viaf.org/viaf/39766432/
420,http://viaf.org/viaf/39766466/
421,http://viaf.org/viaf/39766478/
422,http://viaf.org/viaf/39766497/
424,http://viaf.org/viaf/39766791/
425,http://viaf.org/viaf/39766801/
426,http://viaf.org/viaf/39766919/
427,http://viaf.org/viaf/39766990/
428,http://viaf.org/viaf/39767061
429,http://viaf.org/viaf/39767116
430,http://viaf.org/viaf/39767192
433,http://viaf.org/viaf/398463/
434,http://viaf.org/viaf/398471/
435,http://viaf.org/viaf/398485/
436,http://viaf.org/viaf/398503/
440,http://viaf.org/viaf/398542/
441,http://viaf.org/viaf/398975/
444,http://viaf.org/viaf/399051/
445,http://viaf.org/viaf/399177
446,http://viaf.org/viaf/399203
447,http://viaf.org/viaf/41819384
448,http://viaf.org/viaf/42228523
449,http://viaf.org/viaf/42229965/
450,http://viaf.org/viaf/42230078/
452,http://viaf.org/viaf/42230304/
453,http://viaf.org/viaf/42230423
454,http://viaf.org/viaf/42230468
455,http://viaf.org/viaf/42230633/
456,http://viaf.org/viaf/42230651
457,http://viaf.org/viaf/43301903
458,http://viaf.org/viaf/44204465
460,http://viaf.org/viaf/4469269
461,http://viaf.org/viaf/44692759/
464,http://viaf.org/viaf/44692802
465,http://viaf.org/viaf/44692818/
466,http://viaf.org/viaf/44692943
467,http://viaf.org/viaf/44693026/
468,http://viaf.org/viaf/47119576/
469,http://viaf.org/viaf/47152400/
470,http://viaf.org/viaf/47152437/
473,http://viaf.org/viaf/47152557/
474,http://viaf.org/viaf/47152865/
475,http://viaf.org/viaf/47153095/
476,http://viaf.org/viaf/47153114/
477,http://viaf.org/viaf/47153302
479,http://viaf.org/viaf/4955151778221818130000
480,http://viaf.org/viaf/49613767/
482,http://viaf.org/viaf/49613947
483,http://viaf.org/viaf/49614008
485,http://viaf.org/viaf/50018342
486,http://viaf.org/viaf/50021337/
487,http://viaf.org/viaf/5150565504706250318/
488,http://viaf.org/viaf/520149294314080521684/
489,http://viaf.org/viaf/52080722/
490,http://viaf.org/viaf/52080820
491,http://viaf.org/viaf/52080854
492,http://viaf.org/viaf/52080923
493,http://viaf.org/viaf/52081159/
494,http://viaf.org/viaf/52081171/
495,http://viaf.org/viaf/52081308
496,http://viaf.org/viaf/52081377
497,http://viaf.org/viaf/52081558/
498,http://viaf.org/viaf/52081625/
499,http://viaf.org/viaf/52081694/
502,http://viaf.org/viaf/526149294314180521697/
503,http://viaf.org/viaf/5317483
504,http://viaf.org/viaf/5317514/
506,http://viaf.org/viaf/5317533/
507,http://viaf.org/viaf/5317871/
508,http://viaf.org/viaf/5317994
509,http://viaf.org/viaf/5318220
510,http://viaf.org/viaf/5318231/
511,http://viaf.org/viaf/54038102
512,http://viaf.org/viaf/54536623/
513,http://viaf.org/viaf/54536647
514,http://viaf.org/viaf/54536702
515,http://viaf.org/viaf/54536760
518,http://viaf.org/viaf/54536993/
519,http://viaf.org/viaf/54537086/
520,http://viaf.org/viaf/54537188/
521,http://viaf.org/viaf/54537212/
522,http://viaf.org/viaf/54954332/
524,http://viaf.org/viaf/57001285/
525,http://viaf.org/viaf/57001302/
526,http://viaf.org/viaf/57001599/
527,http://viaf.org/viaf/57001649/
529,http://viaf.org/viaf/57001704/
530,http://viaf.org/viaf/57001762/
531,http://viaf.org/viaf/57001789/
532,http://viaf.org/viaf/57001974/
534,http://viaf.org/viaf/5727723/
535,http://viaf.org/viaf/59475712/
536,http://viaf.org/viaf/59475899/
537,http://viaf.org/viaf/59475921
538,http://viaf.org/viaf/59476015/
539,http://viaf.org/viaf/59476138
542,http://viaf.org/viaf/59476172/
543,http://viaf.org/viaf/59476345/
544,http://viaf.org/viaf/59476350/
545,http://viaf.org/viaf/5950148574318724430007/
546,http://viaf.org/viaf/59878274/
551,http://viaf.org/viaf/61151889/
552,http://viaf.org/viaf/61941110/
553,http://viaf.org/viaf/61941422/
554,http://viaf.org/viaf/61941507
555,http://viaf.org/viaf/61941728/
557,http://viaf.org/viaf/61941737
558,http://viaf.org/viaf/63407544/
560,http://viaf.org/viaf/64133411
561,http://viaf.org/viaf/64395338/
562,http://viaf.org/viaf/64395340
563,http://viaf.org/viaf/64395477/
564,http://viaf.org/viaf/64395648
565,http://viaf.org/viaf/64395703
566,http://viaf.org/viaf/64395788/
567,http://viaf.org/viaf/64395918/
568,http://viaf.org/viaf/64395994/
569,http://viaf.org/viaf/66855845/
570,http://viaf.org/viaf/66855850/
571,http://viaf.org/viaf/66856094/
573,http://viaf.org/viaf/66856191/
574,http://viaf.org/viaf/66856209/
576,http://viaf.org/viaf/66856250
579,http://viaf.org/viaf/66856369
580,http://viaf.org/viaf/66856437
581,http://viaf.org/viaf/680145858278023022869/
582,http://viaf.org/viaf/687145857055122921386
583,http://viaf.org/viaf/69145857796123020613/
584,http://viaf.org/viaf/69148995737659750226/
585,http://viaf.org/viaf/69320842/
588,http://viaf.org/viaf/69320861/
590,http://viaf.org/viaf/69320944/
591,http://viaf.org/viaf/69321175/
592,http://viaf.org/viaf/69321335/
593,http://viaf.org/viaf/69321342
594,http://viaf.org/viaf/69321388/
595,http://viaf.org/viaf/69321433
596,http://viaf.org/viaf/69321498/
597,http://viaf.org/viaf/695145858156323022501/
602,http://viaf.org/viaf/71783286/
603,http://viaf.org/viaf/71783479/
604,http://viaf.org/viaf/71783666
605,http://viaf.org/viaf/71783771/
606,http://viaf.org/viaf/71784039/
607,http://viaf.org/viaf/72200431/
608,http://viaf.org/viaf/74203864
609,http://viaf.org/viaf/74241868/
610,http://viaf.org/viaf/74242095/
611,http://viaf.org/viaf/74242200
612,http://viaf.org/viaf/74242259/
614,http://viaf.org/viaf/74242292/
615,http://viaf.org/viaf/74242356/
616,http://viaf.org/viaf/74242421/
617,http://viaf.org/viaf/74242620/
618,http://viaf.org/viaf/74645429/
621,http://viaf.org/viaf/76659096
622,http://viaf.org/viaf/76705798/
623,http://viaf.org/viaf/76705906/
624,http://viaf.org/viaf/76706265/
626,http://viaf.org/viaf/76706470/
627,http://viaf.org/viaf/76706541/
628,http://viaf.org/viaf/77115578
630,http://viaf.org/viaf/7774915/
631,http://viaf.org/viaf/7775013/
632,http://viaf.org/viaf/7775021/
633,http://viaf.org/viaf/7775032/
634,http://viaf.org/viaf/7775287/
635,http://viaf.org/viaf/7775447/
637,http://viaf.org/viaf/7775475
638,http://viaf.org/viaf/7775481
639,http://viaf.org/viaf/7775512/
640,http://viaf.org/viaf/7775520
641,http://viaf.org/viaf/78337360
642,http://viaf.org/viaf/8742159477994727990005
643,http://viaf.org/viaf/96515709/
644,http://viaf.org/viaf/98032732
647,http://viaf.org/viaf/9856345
648,http://viaf.org/viaf/9945909/
649,http://www.perseus.tufts.edu/hopper/text?doc=Perseus:text:1999.04.0104:entry=agriopas-bio-1
650,http://www.perseus.tufts.edu/hopper/text?doc=Perseus:text:1999.04.0104:entry=apollonius-bio-13
651,http://www.perseus.tufts.edu/hopper/text?doc=Perseus:text:1999.04.0104:entry=asclepiades-bio-2
652,http://www.perseus.tufts.edu/hopper/text?doc=Perseus:text:1999.04.0104:entry=asclepiodotus-bio-3
653,http://www.perseus.tufts.edu/hopper/text?doc=Perseus:text:1999.04.0104:entry=astynomus-bio-1
654,http://www.perseus.tufts.edu/hopper/text?doc=Perseus:text:1999.04.0104:entry=athenocles-bio-2&
655,http://www.perseus.tufts.edu/hopper/text?doc=Perseus:text:1999.04.0104:entry=athenodorus-bio-5
656,http://www.perseus.tufts.edu/hopper/text?doc=Perseus:text:1999.04.0104:entry=butorides-bio-1
657,http://www.perseus.tufts.edu/hopper/text?doc=Perseus:text:1999.04.0104:entry=chaereas-bio-2
658,http://www.perseus.tufts.edu/hopper/text?doc=Perseus:text:1999.04.0104:entry=ctesibius-bio-1
659,http://www.perseus.tufts.edu/hopper/text?doc=Perseus:text:1999.04.0104:entry=demagoras-bio-1
660,http://www.perseus.tufts.edu/hopper/text?doc=Perseus:text:1999.04.0104:entry=demetrius-bio-36
661,http://www.perseus.tufts.edu/hopper/text?doc=Perseus:text:1999.04.0104:entry=demetrius-bio-43
662,http://www.perseus.tufts.edu/hopper/text?doc=Perseus:text:1999.04.0104:entry=diogenes-bio-19
663,http://www.perseus.tufts.edu/hopper/text?doc=Perseus:text:1999.04.0104:entry=dionysius-bio-40
664,http://www.perseus.tufts.edu/hopper/text?doc=Perseus:text:1999.04.0104:entry=lamiscus-bio-1
665,http://www.perseus.tufts.edu/hopper/text?doc=Perseus:text:1999.04.0104:entry=nicagoras-bio-3
666,http://www.perseus.tufts.edu/hopper/text?doc=Perseus:text:1999.04.0104:entry=pallas-bio-11
667,http://www.perseus.tufts.edu/hopper/text?doc=Perseus:text:1999.04.0104:entry=phanocritus-bio-1
668,http://www.perseus.tufts.edu/hopper/text?doc=Perseus:text:1999.04.0104:entry=philemon-bio-6
669,"http://www.perseus.tufts.edu/hopper/text?doc=Perseus:text:1999.04.0104:entry=philetas-bio-3"""
670,http://www.perseus.tufts.edu/hopper/text?doc=Perseus:text:1999.04.0104:entry=themistagoras-bio-1
671,http://www.perseus.tufts.edu/hopper/text?doc=Perseus:text:1999.04.0104:entry=zopyrion-bio-1
672,https://catalog.perseus.org/catalog/urn:cite:perseus:author.1078
673,https://catalog.perseus.org/catalog/urn:cite:perseus:author.116
674,https://catalog.perseus.org/catalog/urn:cite:perseus:author.1419
675,https://catalog.perseus.org/catalog/urn:cite:perseus:author.1686
676,https://catalog.perseus.org/catalog/urn:cite:perseus:author.1774
677,https://catalog.perseus.org/catalog/urn:cite:perseus:author.1962
678,https://catalog.perseus.org/catalog/urn:cite:perseus:author.763
679,https://catalog.perseus.org/catalog/urn:cts:greekLit:tlg1139
683,https://catalog.perseus.org/catalog/urn:cts:greekLit:tlg1576
684,https://catalog.perseus.org/catalog/urn:cts:greekLit:tlg5018
685,https://catalog.perseus.org/catalog/urn:cts:greekLit:tlg5019
687,https://catalog.perseus.org/catalog/urn:cts:greekLit:tlg5027
688,https://catalog.perseus.org/catalog/urn:cts:greekLit:tlg5039
689,https://catalog.perseus.org/cite-collections/authors/urn:cite:perseus:author.1462
690,https://catalog.perseus.org/cite-collections/textgroups/urn:cts:greekLit:tlg5022
697,https://id.loc.gov/authorities/names/n2003031235
698,https://viaf.org/42230406
699,https://viaf.org/59879416
700,https://viaf.org/viaf/100002553
701,https://viaf.org/viaf/100036127/
703,https://viaf.org/viaf/100162646/
704,https://viaf.org/viaf/100165204/
708,https://viaf.org/viaf/100167694/
711,https://viaf.org/viaf/100169224/
729,https://viaf.org/viaf/100171305/
731,https://viaf.org/viaf/100172872/
732,https://viaf.org/viaf/100173923/
735,https://viaf.org/viaf/100175475/
741,https://viaf.org/viaf/100175549/
742,https://viaf.org/viaf/100177778/
747,https://viaf.org/viaf/100181283/
755,https://viaf.org/viaf/100181721/
757,https://viaf.org/viaf/100185827/
765,https://viaf.org/viaf/100192636/
784,https://viaf.org/viaf/100198157/
785,https://viaf.org/viaf/100198334/
786,https://viaf.org/viaf/100205952/
787,https://viaf.org/viaf/100210019/
788,https://viaf.org/viaf/100211635/
789,https://viaf.org/viaf/100211931/
790,https://viaf.org/viaf/100213249/
791,https://viaf.org/viaf/100215825/
793,https://viaf.org/viaf/100218889/
811,https://viaf.org/viaf/100218891/
817,https://viaf.org/viaf/100218901/
901,https://viaf.org/viaf/100219162/
902,https://viaf.org/viaf/100219311/
905,https://viaf.org/viaf/100219416/
909,https://viaf.org/viaf/100219535/
911,https://viaf.org/viaf/100219557/
914,https://viaf.org/viaf/100219883/
918,https://viaf.org/viaf/100219934/
960,https://viaf.org/viaf/100225976/
961,https://viaf.org/viaf/100251470
973,https://viaf.org/viaf/100897531
974,https://viaf.org/viaf/100898908/
975,https://viaf.org/viaf/100901163/
979,https://viaf.org/viaf/100902699/
982,https://viaf.org/viaf/100903442/
983,https://viaf.org/viaf/100905484
985,https://viaf.org/viaf/100906841/
988,https://viaf.org/viaf/100906904/
989,https://viaf.org/viaf/101145004543761340246
991,https://viaf.org/viaf/101353608
992,https://viaf.org/viaf/101760867/
1001,https://viaf.org/viaf/101906635/
1003,https://viaf.org/viaf/10227403
1006,https://viaf.org/viaf/102322199
1008,https://viaf.org/viaf/102323982
1020,https://viaf.org/viaf/102328360/
1022,https://viaf.org/viaf/102333329
1023,https://viaf.org/viaf/10235906
1024,https://viaf.org/viaf/10235910/
1027,https://viaf.org/viaf/10235934/
1029,https://viaf.org/viaf/10235947/
1030,https://viaf.org/viaf/10235952/
1031,https://viaf.org/viaf/10235968/
1032,https://viaf.org/viaf/10235981/
1033,https://viaf.org/viaf/10236001
1034,https://viaf.org/viaf/10236135/
1035,https://viaf.org/viaf/10236188
1036,https://viaf.org/viaf/10236190/
1037,https://viaf.org/viaf/10236208/
1039,https://viaf.org/viaf/10236212/
1040,https://viaf.org/viaf/10236277/
1041,https://viaf.org/viaf/10236306/
1042,https://viaf.org/viaf/10236323/
1043,https://viaf.org/viaf/10236368/
1044,https://viaf.org/viaf/10236436/
1045,https://viaf.org/viaf/10236470/
1046,https://viaf.org/viaf/10236491/
1048,https://viaf.org/viaf/10236518/
1049,https://viaf.org/viaf/10236525
1050,https://viaf.org/viaf/10236560
1051,https://viaf.org/viaf/10236573
1052,https://viaf.org/viaf/10236594/
1053,https://viaf.org/viaf/10236616/
1054,https://viaf.org/viaf/10236659/
1055,https://viaf.org/viaf/10236663
1056,https://viaf.org/viaf/10236671/
1057,https://viaf.org/viaf/10236685
1058,https://viaf.org/viaf/10236692/
1059,https://viaf.org/viaf/10236766
1064,https://viaf.org/viaf/10236811/
1065,https://viaf.org/viaf/102369543/
1087,https://viaf.org/viaf/102895066/
1089,https://viaf.org/viaf/103210690/
1090,https://viaf.org/viaf/103607923/
1093,https://viaf.org/viaf/103646160/
1151,https://viaf.org/viaf/103646538/
1153,https://viaf.org/viaf/104174673/
1154,https://viaf.org/viaf/105135748/
1157,https://viaf.org/viaf/105146462693227772099/
1158,https://viaf.org/viaf/105155222/
1267,https://viaf.org/viaf/106097488
1269,https://viaf.org/viaf/106144782995760250861/
1270,https://viaf.org/viaf/10637157/
1273,https://viaf.org/viaf/10649037
1274,https://viaf.org/viaf/10660698/
1275,https://viaf.org/viaf/106969362/
1283,https://viaf.org/viaf/107036494
1284,https://viaf.org/viaf/108159964/
1331,https://viaf.org/viaf/108386765/
1332,https://viaf.org/viaf/108675755
1394,https://viaf.org/viaf/108993357/
1411,https://viaf.org/viaf/109213110/
1416,https://viaf.org/viaf/10970700/
1417,https://viaf.org/viaf/109786483/
1420,https://viaf.org/viaf/110155699/
1425,https://viaf.org/viaf/11095378/
1426,https://viaf.org/viaf/111167713/
1427,https://viaf.org/viaf/112159474239327662129
1428,https://viaf.org/viaf/11266492/
1430,https://viaf.org/viaf/117145542629396641883/
1432,https://viaf.org/viaf/1193145856997622920806/
1433,https://viaf.org/viaf/120152370
1445,https://viaf.org/viaf/120695413
1446,https://viaf.org/viaf/120699895/
1449,https://viaf.org/viaf/122220717/
1454,https://viaf.org/viaf/122363764/
1455,https://viaf.org/viaf/12310254/
1462,https://viaf.org/viaf/12391352/
1464,https://viaf.org/viaf/12440139/
1465,https://viaf.org/viaf/12652822/
1466,https://viaf.org/viaf/12693341/
1467,https://viaf.org/viaf/12693356/
1470,https://viaf.org/viaf/12693373/
1472,https://viaf.org/viaf/12693387
1473,https://viaf.org/viaf/12693409/
1474,https://viaf.org/viaf/12693421/
1476,https://viaf.org/viaf/12693432/
1477,https://viaf.org/viaf/12693445/
1478,"https://viaf.org/viaf/12693631
"
1479,https://viaf.org/viaf/12693649/
1480,https://viaf.org/viaf/12693654/
1481,https://viaf.org/viaf/12693696
1483,https://viaf.org/viaf/12693715
1484,https://viaf.org/viaf/12693736/
1485,https://viaf.org/viaf/12693829/
1486,https://viaf.org/viaf/12693840/
1487,https://viaf.org/viaf/12693919/
1488,https://viaf.org/viaf/12693926/
1489,https://viaf.org/viaf/12693942/
1490,https://viaf.org/viaf/12693961/
1491,https://viaf.org/viaf/12693990/
1492,https://viaf.org/viaf/12694017/
1493,https://viaf.org/viaf/12694029/
1494,https://viaf.org/viaf/12694055/
1496,https://viaf.org/viaf/12694064/
1497,https://viaf.org/viaf/12694086
1498,https://viaf.org/viaf/12694093/
1499,https://viaf.org/viaf/12694135/
1500,https://viaf.org/viaf/127422611/
1507,https://viaf.org/viaf/128587440/
1508,https://viaf.org/viaf/130928510/
1509,https://viaf.org/viaf/13120904/
1515,https://viaf.org/viaf/131864982/
1516,https://viaf.org/viaf/132649401/
1517,https://viaf.org/viaf/133146462556027771546/
1518,https://viaf.org/viaf/13557547/
1520,https://viaf.org/viaf/13590360/
1523,https://viaf.org/viaf/13651211/
1526,https://viaf.org/viaf/137146462763727772841/
1527,https://viaf.org/viaf/13753446
1528,https://viaf.org/viaf/1377862/
1531,https://viaf.org/viaf/143416392/
1532,https://viaf.org/viaf/14450656/
1534,https://viaf.org/viaf/14482875
1535,https://viaf.org/viaf/14580871/
1537,https://viaf.org/viaf/146054053/
1539,https://viaf.org/viaf/14660104/
1540,https://viaf.org/viaf/14661953/
1542,https://viaf.org/viaf/147328746
1544,https://viaf.org/viaf/14775071/
1550,https://viaf.org/viaf/14779150/
1553,https://viaf.org/viaf/14780481/
1561,https://viaf.org/viaf/1483698/
1562,https://viaf.org/viaf/14850802/
1563,https://viaf.org/viaf/14869768/
1564,https://viaf.org/viaf/15126777/
1565,https://viaf.org/viaf/151477565/
1566,https://viaf.org/viaf/15157670/
1567,https://viaf.org/viaf/15159266/
1568,https://viaf.org/viaf/15159376/
1569,https://viaf.org/viaf/15159382/
1570,https://viaf.org/viaf/15159395/
1574,https://viaf.org/viaf/15159400/
1576,https://viaf.org/viaf/15159428/
1577,https://viaf.org/viaf/15159444/
1578,https://viaf.org/viaf/15159463/
1579,https://viaf.org/viaf/15159471/
1581,https://viaf.org/viaf/15159474046027660500/
1582,https://viaf.org/viaf/15159485/
1583,https://viaf.org/viaf/15159519/
1587,https://viaf.org/viaf/15159542/
1588,https://viaf.org/viaf/15159561/
1589,https://viaf.org/viaf/15159601/
1590,https://viaf.org/viaf/15159722/
1591,https://viaf.org/viaf/15159733/
1592,https://viaf.org/viaf/15159746
1593,https://viaf.org/viaf/15159751/
1594,https://viaf.org/viaf/15159767
1595,https://viaf.org/viaf/15159779/
1596,https://viaf.org/viaf/15159808/
1597,https://viaf.org/viaf/15159812/
1598,https://viaf.org/viaf/15159820/
1599,https://viaf.org/viaf/15159883/
1600,"https://viaf.org/viaf/15159896
                  
               
               
                  
                     
                     "
1601,https://viaf.org/viaf/15160007
1602,https://viaf.org/viaf/15160024/
1603,https://viaf.org/viaf/15160030/
1604,https://viaf.org/viaf/15160053
1605,https://viaf.org/viaf/15160095/
1606,https://viaf.org/viaf/15160114/
1607,https://viaf.org/viaf/15160133/
1608,https://viaf.org/viaf/15160151/
1609,https://viaf.org/viaf/15160179/
1611,https://viaf.org/viaf/15176251
1612,https://viaf.org/viaf/155419788/
1613,https://viaf.org/viaf/15564840/
1617,https://viaf.org/viaf/15573814/
1621,https://viaf.org/viaf/15581813/
1622,https://viaf.org/viaf/16066263/
1623,https://viaf.org/viaf/160790329/
1625,https://viaf.org/viaf/16085183/
1626,https://viaf.org/viaf/161228254/
1627,https://viaf.org/viaf/161234357/
1631,https://viaf.org/viaf/161422536/
1632,https://viaf.org/viaf/161612139/
1634,https://viaf.org/viaf/16203864/
1635,https://viaf.org/viaf/162237897/
1642,https://viaf.org/viaf/162962022/
1643,https://viaf.org/viaf/162988763/
1646,https://viaf.org/viaf/163408645/
1647,https://viaf.org/viaf/163576513/
1672,https://viaf.org/viaf/163862769
1683,https://viaf.org/viaf/164379448
1693,https://viaf.org/viaf/164895588/
1696,https://viaf.org/viaf/165059778/
1698,https://viaf.org/viaf/16544861/
1699,https://viaf.org/viaf/165979552/
1700,https://viaf.org/viaf/1679057/
1707,https://viaf.org/viaf/169533220/
1709,https://viaf.org/viaf/17003871/
1710,https://viaf.org/viaf/17145067033366630908/
1711,https://viaf.org/viaf/172002178/
1714,https://viaf.org/viaf/172203095/
1717,https://viaf.org/viaf/17225859/
1742,https://viaf.org/viaf/172499115
1743,https://viaf.org/viaf/17263602/
1748,https://viaf.org/viaf/173834373/
1750,https://viaf.org/viaf/174157235/
1758,https://viaf.org/viaf/174176271/
1759,https://viaf.org/viaf/174178989/
1760,https://viaf.org/viaf/174592008/
1761,https://viaf.org/viaf/17465356/
1767,https://viaf.org/viaf/174917145/
1769,https://viaf.org/viaf/174983206/
1770,https://viaf.org/viaf/174984235/
1771,https://viaf.org/viaf/175361777/
1772,https://viaf.org/viaf/175514672/
1775,https://viaf.org/viaf/17567126/
1776,https://viaf.org/viaf/175716162/
1778,https://viaf.org/viaf/17571897/
1779,https://viaf.org/viaf/17573269/
1780,https://viaf.org/viaf/17580504/
1781,https://viaf.org/viaf/175900873/
1782,https://viaf.org/viaf/176100159/
1784,https://viaf.org/viaf/17613782/
1785,https://viaf.org/viaf/17613795/
1787,https://viaf.org/viaf/17613805/
1788,https://viaf.org/viaf/17613851/
1790,https://viaf.org/viaf/17613867/
1791,https://viaf.org/viaf/17613879
1792,"https://viaf.org/viaf/17613898
"
1793,https://viaf.org/viaf/17613908/
1794,"https://viaf.org/viaf/17613912
"
1795,https://viaf.org/viaf/17613920/
1796,https://viaf.org/viaf/17613931/
1798,https://viaf.org/viaf/17613949/
1799,https://viaf.org/viaf/17613977
1800,https://viaf.org/viaf/17613983/
1801,https://viaf.org/viaf/17613996/
1804,https://viaf.org/viaf/17614014/
1805,https://viaf.org/viaf/17614033/
1807,https://viaf.org/viaf/17614131/
1808,https://viaf.org/viaf/17614149
1809,https://viaf.org/viaf/17614154/
1810,"https://viaf.org/viaf/17614165
"
1811,https://viaf.org/viaf/17614177/
1812,https://viaf.org/viaf/17614183/
1813,https://viaf.org/viaf/17614196/
1814,https://viaf.org/viaf/17614235/
1815,https://viaf.org/viaf/17614242/
1816,https://viaf.org/viaf/17614290/
1817,https://viaf.org/viaf/17614300/
1818,https://viaf.org/viaf/17614337/
1821,https://viaf.org/viaf/17614371/
1822,https://viaf.org/viaf/17614385/
1823,https://viaf.org/viaf/17614407/
1824,https://viaf.org/viaf/17614448
1825,https://viaf.org/viaf/17614469/
1826,https://viaf.org/viaf/17614513/
1827,https://viaf.org/viaf/17614521/
1828,https://viaf.org/viaf/17614610/
1829,https://viaf.org/viaf/17614623/
1830,https://viaf.org/viaf/17614634/
1831,https://viaf.org/viaf/176184097/
1848,https://viaf.org/viaf/176191341/
1849,https://viaf.org/viaf/176285909/
1850,https://viaf.org/viaf/176599376/
1852,https://viaf.org/viaf/176981670/
1854,https://viaf.org/viaf/177001469
1856,https://viaf.org/viaf/177095580/
1858,https://viaf.org/viaf/177324675
1859,https://viaf.org/viaf/177440631/
1862,https://viaf.org/viaf/177873863/
1863,https://viaf.org/viaf/178010501/
1864,https://viaf.org/viaf/178384047/
1865,https://viaf.org/viaf/178490045
1866,https://viaf.org/viaf/179022987/
1867,https://viaf.org/viaf/179028274/
1868,https://viaf.org/viaf/179039927/
1869,https://viaf.org/viaf/179420235/
1870,https://viaf.org/viaf/179423360/
1871,https://viaf.org/viaf/179430951/
1872,https://viaf.org/viaf/179761579/
1873,https://viaf.org/viaf/179823714/
1874,https://viaf.org/viaf/18013064/
1885,https://viaf.org/viaf/18015147/
1886,https://viaf.org/viaf/18021200
1889,https://viaf.org/viaf/180609254/
1890,https://viaf.org/viaf/180630917
1891,https://viaf.org/viaf/181054394/
1892,https://viaf.org/viaf/181440270/
1893,https://viaf.org/viaf/181553960/
1894,https://viaf.org/viaf/181843323/
1895,https://viaf.org/viaf/181851752/
1896,https://viaf.org/viaf/182251478/
1897,https://viaf.org/viaf/182252847/
1898,https://viaf.org/viaf/182264595/
1899,https://viaf.org/viaf/182656020/
1900,https://viaf.org/viaf/182692677/
1901,https://viaf.org/viaf/182695169/
1902,https://viaf.org/viaf/182720334/
1903,https://viaf.org/viaf/182875824/
1904,https://viaf.org/viaf/182900412/
1905,https://viaf.org/viaf/183064653/
1906,https://viaf.org/viaf/183065024/
1907,https://viaf.org/viaf/183417170/
1951,https://viaf.org/viaf/183466367/
1952,https://viaf.org/viaf/183673437
1953,https://viaf.org/viaf/183675107/
1958,https://viaf.org/viaf/183875648/
1959,https://viaf.org/viaf/184019027/
1960,https://viaf.org/viaf/184680684/
1963,https://viaf.org/viaf/184766581/
1965,https://viaf.org/viaf/184896315/
1966,https://viaf.org/viaf/185206934/
1967,https://viaf.org/viaf/185416958/
1968,https://viaf.org/viaf/185472574/
1969,https://viaf.org/viaf/185497383/
1970,https://viaf.org/viaf/185886917/
1971,https://viaf.org/viaf/18591728/
1972,https://viaf.org/viaf/185995320/
1980,https://viaf.org/viaf/187475186/
1983,https://viaf.org/viaf/187782399/
1984,https://viaf.org/viaf/188427863/
1985,https://viaf.org/viaf/188687754/
1990,https://viaf.org/viaf/188776399
1991,https://viaf.org/viaf/18889131/
1993,https://viaf.org/viaf/189366263/
1994,https://viaf.org/viaf/189493336/
1995,https://viaf.org/viaf/190218431/
1996,https://viaf.org/viaf/190454083/
1997,https://viaf.org/viaf/19162/
1998,https://viaf.org/viaf/192092583/
1999,https://viaf.org/viaf/192146462567727771267
2000,https://viaf.org/viaf/1933973/
2001,https://viaf.org/viaf/19407739/
2002,https://viaf.org/viaf/19511191
2003,https://viaf.org/viaf/195864271/
2004,https://viaf.org/viaf/19646296/
2005,https://viaf.org/viaf/19649480/
2007,https://viaf.org/viaf/196516172/
2008,https://viaf.org/viaf/196778262/
2011,https://viaf.org/viaf/196907513/
2012,https://viaf.org/viaf/19717766/
2016,https://viaf.org/viaf/19831889
2017,https://viaf.org/viaf/198551831/
2037,https://viaf.org/viaf/198582656/
2038,https://viaf.org/viaf/198691357/
2039,https://viaf.org/viaf/198934415/
2040,https://viaf.org/viaf/199732441/
2041,https://viaf.org/viaf/20068629/
2042,https://viaf.org/viaf/20068722/
2043,https://viaf.org/viaf/20068779/
2044,https://viaf.org/viaf/20068780/
2049,https://viaf.org/viaf/20068798/
2050,https://viaf.org/viaf/20068812/
2051,https://viaf.org/viaf/20068831
2052,https://viaf.org/viaf/20068854/
2053,https://viaf.org/viaf/20068865/
2054,https://viaf.org/viaf/20068896/
2055,https://viaf.org/viaf/20068906/
2056,https://viaf.org/viaf/20068934/
2057,https://viaf.org/viaf/20068947/
2058,https://viaf.org/viaf/20069120/
2059,https://viaf.org/viaf/20069131
2060,https://viaf.org/viaf/20069149/
2061,https://viaf.org/viaf/20069177/
2062,https://viaf.org/viaf/20069219/
2063,https://viaf.org/viaf/20069242/
2066,https://viaf.org/viaf/20069261/
2067,https://viaf.org/viaf/20069274
2068,https://viaf.org/viaf/20069290/
2069,https://viaf.org/viaf/20069328/
2070,https://viaf.org/viaf/20069337/
2071,https://viaf.org/viaf/20069371/
2072,https://viaf.org/viaf/20069385/
2073,https://viaf.org/viaf/20069476/
2074,https://viaf.org/viaf/20069495/
2075,https://viaf.org/viaf/20069509/
2076,https://viaf.org/viaf/20069623/
2077,https://viaf.org/viaf/20069675/
2078,https://viaf.org/viaf/20069681/
2079,https://viaf.org/viaf/20069699/
2080,https://viaf.org/viaf/20069718/
2088,https://viaf.org/viaf/20069741/
2089,https://viaf.org/viaf/20069760/
2090,https://viaf.org/viaf/20072159/
2091,https://viaf.org/viaf/20072214/
2092,https://viaf.org/viaf/2019514/
2097,https://viaf.org/viaf/202098828/
2100,https://viaf.org/viaf/202966536/
2101,https://viaf.org/viaf/202966562
2102,https://viaf.org/viaf/204244615/
2104,https://viaf.org/viaf/204245043/
2107,https://viaf.org/viaf/204641905/
2108,https://viaf.org/viaf/20473427/
2114,https://viaf.org/viaf/20477796/
2117,https://viaf.org/viaf/20487064/
2118,https://viaf.org/viaf/206860096/
2139,https://viaf.org/viaf/20962036/
2157,https://viaf.org/viaf/209921270/
2170,https://viaf.org/viaf/210966768/
2171,https://viaf.org/viaf/210998499/
2173,https://viaf.org/viaf/211435698/
2174,https://viaf.org/viaf/212789148/
2176,https://viaf.org/viaf/212804391
2187,https://viaf.org/viaf/21314508/
2192,https://viaf.org/viaf/213854447
2196,https://viaf.org/viaf/214146462591327770097/
2197,https://viaf.org/viaf/21415695
2198,https://viaf.org/viaf/214767481/
2199,https://viaf.org/viaf/214797458/
2200,https://viaf.org/viaf/2154849
2201,https://viaf.org/viaf/215981918/
2203,https://viaf.org/viaf/218111528
2204,https://viaf.org/viaf/21856640
2208,https://viaf.org/viaf/218794913/
2210,https://viaf.org/viaf/219199391
2211,https://viaf.org/viaf/219221325/
2212,https://viaf.org/viaf/219543346
2213,https://viaf.org/viaf/220677335/
2223,https://viaf.org/viaf/22143666/
2227,https://viaf.org/viaf/222308297
2229,https://viaf.org/viaf/22275493/
2234,https://viaf.org/viaf/22277871/
2238,https://viaf.org/viaf/224924963/
2241,https://viaf.org/viaf/22494607
2249,https://viaf.org/viaf/22496152/
2250,https://viaf.org/viaf/22520703/
2251,https://viaf.org/viaf/22521079/
2252,https://viaf.org/viaf/22527520/
2253,https://viaf.org/viaf/22527565/
2255,https://viaf.org/viaf/22527577/
2256,https://viaf.org/viaf/22527605/
2258,https://viaf.org/viaf/22527622
2259,https://viaf.org/viaf/22527633/
2260,https://viaf.org/viaf/22527646/
2261,https://viaf.org/viaf/22527667
2262,https://viaf.org/viaf/22527679
2263,https://viaf.org/viaf/22527680/
2264,https://viaf.org/viaf/22527717/
2265,https://viaf.org/viaf/22527738/
2266,https://viaf.org/viaf/22527888/
2267,https://viaf.org/viaf/22527890/
2268,https://viaf.org/viaf/22527900/
2269,https://viaf.org/viaf/22527992/
2271,https://viaf.org/viaf/22528043
2274,https://viaf.org/viaf/22528062/
2279,https://viaf.org/viaf/22528138/
2281,https://viaf.org/viaf/22528164
2282,https://viaf.org/viaf/22528172/
2283,https://viaf.org/viaf/22528186/
2284,https://viaf.org/viaf/22528193/
2285,https://viaf.org/viaf/22528206/
2286,https://viaf.org/viaf/22528223/
2287,https://viaf.org/viaf/22528268/
2288,https://viaf.org/viaf/22528275/
2289,https://viaf.org/viaf/22528281/
2290,https://viaf.org/viaf/22528299/
2291,https://viaf.org/viaf/22528378
2292,https://viaf.org/viaf/22528397/
2293,https://viaf.org/viaf/22528439/
2295,https://viaf.org/viaf/22528473/
2296,https://viaf.org/viaf/226086344/
2297,https://viaf.org/viaf/226262911
2300,https://viaf.org/viaf/226561227/
2301,https://viaf.org/viaf/2268151002103230280008/
2302,https://viaf.org/viaf/227095134
2303,https://viaf.org/viaf/228050642/
2306,https://viaf.org/viaf/22944086/
2322,https://viaf.org/viaf/22953744
2323,https://viaf.org/viaf/230027769/
2329,https://viaf.org/viaf/23040426/
2331,https://viaf.org/viaf/232197232/
2332,https://viaf.org/viaf/234173466/
2334,https://viaf.org/viaf/234258526/
2335,https://viaf.org/viaf/237986203/
2337,https://viaf.org/viaf/238639815/
2339,https://viaf.org/viaf/24448325/
2340,https://viaf.org/viaf/244495471/
2341,https://viaf.org/viaf/24509098/
2343,https://viaf.org/viaf/24571510/
2344,https://viaf.org/viaf/24590117/
2345,https://viaf.org/viaf/24611065/
2346,https://viaf.org/viaf/24636751/
2347,https://viaf.org/viaf/24644250/
2349,https://viaf.org/viaf/24645587/
2351,https://viaf.org/viaf/246763674/
2352,https://viaf.org/viaf/24678943/
2353,https://viaf.org/viaf/24679016/
2354,https://viaf.org/viaf/24714373/
2356,https://viaf.org/viaf/2475604
2357,https://viaf.org/viaf/247937355/
2358,https://viaf.org/viaf/24956879/
2359,https://viaf.org/viaf/24990020/
2360,https://viaf.org/viaf/24990031/
2364,https://viaf.org/viaf/24990077/
2365,https://viaf.org/viaf/24990106/
2366,https://viaf.org/viaf/24990123/
2368,https://viaf.org/viaf/24990152/
2369,https://viaf.org/viaf/24990168 / https://viaf.org/viaf/39766715
2370,https://viaf.org/viaf/24990175/
2371,https://viaf.org/viaf/24990181/
2372,https://viaf.org/viaf/24990319
2373,https://viaf.org/viaf/24990326/
2374,https://viaf.org/viaf/24990335/
2376,https://viaf.org/viaf/24990342/
2378,https://viaf.org/viaf/24990361
2379,https://viaf.org/viaf/24990422/
2380,https://viaf.org/viaf/24990479/
2381,"https://viaf.org/viaf/24990480
"
2382,https://viaf.org/viaf/24990553/
2383,https://viaf.org/viaf/24990609
2384,https://viaf.org/viaf/24990613/
2385,https://viaf.org/viaf/24990632/
2386,https://viaf.org/viaf/24990678/
2387,https://viaf.org/viaf/24990700
2388,https://viaf.org/viaf/24990716/
2389,https://viaf.org/viaf/24990744/
2390,https://viaf.org/viaf/24990759/
2391,https://viaf.org/viaf/24990785
2394,https://viaf.org/viaf/24990792/
2395,https://viaf.org/viaf/24990802/
2397,https://viaf.org/viaf/24990818/
2398,https://viaf.org/viaf/24990841/
2399,https://viaf.org/viaf/24990860/
2400,"https://viaf.org/viaf/24990873





"
2401,https://viaf.org/viaf/24990887/
2402,https://viaf.org/viaf/24990894/
2404,https://viaf.org/viaf/24990915/
2405,https://viaf.org/viaf/24990927
2406,https://viaf.org/viaf/24990936
2407,https://viaf.org/viaf/25006821
2408,https://viaf.org/viaf/250237510/
2413,https://viaf.org/viaf/250472024/
2416,https://viaf.org/viaf/250688796/
2417,https://viaf.org/viaf/250719105/
2420,https://viaf.org/viaf/250731842/
2422,https://viaf.org/viaf/250763486/
2426,https://viaf.org/viaf/250803362/
2428,https://viaf.org/viaf/250834915/
2430,https://viaf.org/viaf/250863006/
2431,https://viaf.org/viaf/251090204/
2435,https://viaf.org/viaf/251090204/ https://viaf.org/viaf/88691703/
2437,https://viaf.org/viaf/25377100
2440,https://viaf.org/viaf/25393339/
2443,https://viaf.org/viaf/25396473/
2444,https://viaf.org/viaf/254079968/
2445,https://viaf.org/viaf/255344660
2446,https://viaf.org/viaf/256596013/
2447,https://viaf.org/viaf/259813010/
2448,https://viaf.org/viaf/259955440/
2455,https://viaf.org/viaf/26022579/
2456,https://viaf.org/viaf/2604182/
2461,https://viaf.org/viaf/261223577/
2462,https://viaf.org/viaf/261276500/
2463,https://viaf.org/viaf/262066509/
2464,https://viaf.org/viaf/262109982/
2465,https://viaf.org/viaf/262141928/
2466,https://viaf.org/viaf/262316432/
2468,https://viaf.org/viaf/262405895/
2470,https://viaf.org/viaf/262426126/
2471,https://viaf.org/viaf/262453640/
2505,https://viaf.org/viaf/262487413/
2506,https://viaf.org/viaf/26257352/
2507,https://viaf.org/viaf/262924258/
2508,https://viaf.org/viaf/2629440/
2509,https://viaf.org/viaf/262974255/
2512,https://viaf.org/viaf/263123344/
2513,https://viaf.org/viaf/263163859/
2516,https://viaf.org/viaf/263336747/
2517,https://viaf.org/viaf/263369907/
2520,https://viaf.org/viaf/2633773/
2526,https://viaf.org/viaf/263395663/
2527,https://viaf.org/viaf/263448851/
2528,https://viaf.org/viaf/263607225/
2529,https://viaf.org/viaf/263973857/
2531,https://viaf.org/viaf/264174405/
2532,https://viaf.org/viaf/264197546/
2539,https://viaf.org/viaf/264408562/
2540,https://viaf.org/viaf/264462707/
2558,https://viaf.org/viaf/264689708/
2560,https://viaf.org/viaf/264822785/
2561,https://viaf.org/viaf/264869383/
2563,https://viaf.org/viaf/265076443
2564,https://viaf.org/viaf/265112315/
2565,https://viaf.org/viaf/265285548/
2571,https://viaf.org/viaf/265326651/
2609,https://viaf.org/viaf/265395062/
2610,https://viaf.org/viaf/265397758/
2628,https://viaf.org/viaf/265406304/
2632,https://viaf.org/viaf/265462755/
2633,https://viaf.org/viaf/265571975/
2646,https://viaf.org/viaf/265833221/
2647,https://viaf.org/viaf/266056585/
2648,https://viaf.org/viaf/266089724/
2649,https://viaf.org/viaf/266267739/
2650,https://viaf.org/viaf/266285625/
2652,https://viaf.org/viaf/266366723/
2654,https://viaf.org/viaf/266713061
2655,https://viaf.org/viaf/266716505/
2657,https://viaf.org/viaf/266750831/
2658,https://viaf.org/viaf/266834057/
2659,https://viaf.org/viaf/267227527/
2662,https://viaf.org/viaf/267432724
2664,https://viaf.org/viaf/267621889/
2665,https://viaf.org/viaf/267903182
2669,https://viaf.org/viaf/267920293/
2671,https://viaf.org/viaf/268224700/
2676,https://viaf.org/viaf/268302412/
2740,https://viaf.org/viaf/268390697/
2741,https://viaf.org/viaf/268448029/
2742,https://viaf.org/viaf/268463464/
2744,https://viaf.org/viaf/268473208/
2748,https://viaf.org/viaf/268526195/
2759,https://viaf.org/viaf/268590928/
2761,https://viaf.org/viaf/268615531/
2763,https://viaf.org/viaf/268702803/
2768,https://viaf.org/viaf/268806125/
2802,https://viaf.org/viaf/268861696
2803,https://viaf.org/viaf/26959009/
2804,https://viaf.org/viaf/27035216/
2810,https://viaf.org/viaf/27209751/
2811,https://viaf.org/viaf/27413956/
2812,https://viaf.org/viaf/27422620/
2813,https://viaf.org/viaf/274414291
2816,https://viaf.org/viaf/27454976
2817,https://viaf.org/viaf/27455073/
2819,https://viaf.org/viaf/27455094/
2820,https://viaf.org/viaf/27455104/
2821,https://viaf.org/viaf/27455127
2822,https://viaf.org/viaf/27455136/
2823,https://viaf.org/viaf/27455143/
2825,https://viaf.org/viaf/27455162/
2826,https://viaf.org/viaf/27455209/
2828,https://viaf.org/viaf/27455213/
2829,https://viaf.org/viaf/27455232
2830,https://viaf.org/viaf/27455232/
2831,https://viaf.org/viaf/27455416
2832,https://viaf.org/viaf/27455437/
2833,https://viaf.org/viaf/27455463/
2835,https://viaf.org/viaf/27455519/
2837,https://viaf.org/viaf/27455588/
2839,https://viaf.org/viaf/27455590/
2840,https://viaf.org/viaf/27455664/
2841,https://viaf.org/viaf/27455686/
2842,https://viaf.org/viaf/27455693/
2843,https://viaf.org/viaf/27455705/
2844,https://viaf.org/viaf/27455714/
2845,https://viaf.org/viaf/27455733/
2846,https://viaf.org/viaf/27455746/
2848,https://viaf.org/viaf/27455798/
2849,https://viaf.org/viaf/27455808/
2850,https://viaf.org/viaf/27455812/
2851,https://viaf.org/viaf/27455820/
2852,https://viaf.org/viaf/27455831/
2854,https://viaf.org/viaf/27455854/
2855,https://viaf.org/viaf/27455877/
2857,https://viaf.org/viaf/27455883
2858,https://viaf.org/viaf/27455934
2859,https://viaf.org/viaf/27455952
2860,https://viaf.org/viaf/27455981/
2861,https://viaf.org/viaf/27455999
2862,https://viaf.org/viaf/27456038
2863,https://viaf.org/viaf/27457183/
2864,https://viaf.org/viaf/27866092
2865,https://viaf.org/viaf/280059448/
2867,https://viaf.org/viaf/280396534/
2868,https://viaf.org/viaf/281232934/
2869,https://viaf.org/viaf/281628164/
2871,https://viaf.org/viaf/281686459/
2874,https://viaf.org/viaf/281851250/
2875,https://viaf.org/viaf/2818603/
2876,https://viaf.org/viaf/282104028/
2877,https://viaf.org/viaf/2823898/
2878,https://viaf.org/viaf/282417740
2879,https://viaf.org/viaf/283087561/
2884,https://viaf.org/viaf/283791868/
2885,https://viaf.org/viaf/283901427
2886,https://viaf.org/viaf/284656229/
2887,https://viaf.org/viaf/284726704/
2893,https://viaf.org/viaf/28529472/
2894,https://viaf.org/viaf/2856982/
2896,https://viaf.org/viaf/2857356/
2897,https://viaf.org/viaf/2857450
2898,https://viaf.org/viaf/2857478/
2899,https://viaf.org/viaf/285751474/
2900,https://viaf.org/viaf/2857523/
2902,https://viaf.org/viaf/2857568
2904,https://viaf.org/viaf/2857581/
2905,https://viaf.org/viaf/2857599/
2906,https://viaf.org/viaf/2857608/
2907,https://viaf.org/viaf/2857620/
2908,https://viaf.org/viaf/285771738/
2909,https://viaf.org/viaf/2857838
2910,https://viaf.org/viaf/2857864/
2911,https://viaf.org/viaf/2857893
2912,https://viaf.org/viaf/2857903
2913,https://viaf.org/viaf/2858002/
2914,https://viaf.org/viaf/2858041
2915,https://viaf.org/viaf/2858073/
2916,https://viaf.org/viaf/2858104/
2917,https://viaf.org/viaf/2858162/
2918,https://viaf.org/viaf/2858191/
2919,https://viaf.org/viaf/2858209/
2920,https://viaf.org/viaf/2858213
2921,https://viaf.org/viaf/2858232/
2922,https://viaf.org/viaf/2858250/
2923,https://viaf.org/viaf/2858266/
2924,https://viaf.org/viaf/2858278/
2926,https://viaf.org/viaf/2858284
2927,https://viaf.org/viaf/2858297
2928,https://viaf.org/viaf/2858324
2929,https://viaf.org/viaf/2858330
2930,https://viaf.org/viaf/2858369
2931,https://viaf.org/viaf/2858400/
2932,https://viaf.org/viaf/2858428/
2933,https://viaf.org/viaf/2858463/
2934,https://viaf.org/viaf/286611694/
2935,https://viaf.org/viaf/287110892/
2936,https://viaf.org/viaf/287984736/
2996,https://viaf.org/viaf/288034419/
2998,https://viaf.org/viaf/288403737/
2999,https://viaf.org/viaf/288515014/
3000,https://viaf.org/viaf/288516372/
3001,https://viaf.org/viaf/288530560/
3014,https://viaf.org/viaf/288633051/
3020,https://viaf.org/viaf/289004127/
3021,https://viaf.org/viaf/289101007/
3023,https://viaf.org/viaf/289174639/
3024,https://viaf.org/viaf/289307912/
3025,https://viaf.org/viaf/289612987/
3026,https://viaf.org/viaf/2896149845000502960008/
3027,https://viaf.org/viaf/289787117/
3030,https://viaf.org/viaf/289985714/
3032,https://viaf.org/viaf/290278674/
3033,https://viaf.org/viaf/290755729/
3035,https://viaf.org/viaf/290923996/
3038,https://viaf.org/viaf/291195111/
3039,https://viaf.org/viaf/291736660/
3040,https://viaf.org/viaf/291745779/
3041,https://viaf.org/viaf/291988135/
3044,https://viaf.org/viaf/292250235/
3046,https://viaf.org/viaf/292334749/
3047,https://viaf.org/viaf/29333369/
3048,https://viaf.org/viaf/293447250/
3049,https://viaf.org/viaf/294754602/
3051,https://viaf.org/viaf/295196712/
3052,https://viaf.org/viaf/29547910/
3066,https://viaf.org/viaf/297103308/
3114,https://viaf.org/viaf/297576907/
3118,https://viaf.org/viaf/297689158/
3120,https://viaf.org/viaf/29887100/
3121,https://viaf.org/viaf/299034165/
3122,https://viaf.org/viaf/2991030/
3123,https://viaf.org/viaf/29913859/
3125,https://viaf.org/viaf/29920140/
3126,https://viaf.org/viaf/29920281/
3127,https://viaf.org/viaf/29920299/
3128,https://viaf.org/viaf/29920321/
3129,https://viaf.org/viaf/29920366/
3130,https://viaf.org/viaf/29920378/
3131,https://viaf.org/viaf/29920384/
3132,https://viaf.org/viaf/29920397/
3133,https://viaf.org/viaf/29920402/
3135,https://viaf.org/viaf/29920418/
3136,https://viaf.org/viaf/29920439/
3138,https://viaf.org/viaf/29920456/
3139,https://viaf.org/viaf/29920500/
3140,https://viaf.org/viaf/29920657/
3141,https://viaf.org/viaf/29920674/
3142,https://viaf.org/viaf/29920711/
3143,https://viaf.org/viaf/29920724/
3144,https://viaf.org/viaf/29920730/
3145,https://viaf.org/viaf/29920753/
3147,https://viaf.org/viaf/29920782
3148,https://viaf.org/viaf/29920814/
3149,https://viaf.org/viaf/29920822/
3150,https://viaf.org/viaf/29920867/
3151,https://viaf.org/viaf/29920879/
3152,https://viaf.org/viaf/29920912/
3153,https://viaf.org/viaf/29920920/
3154,https://viaf.org/viaf/29920931/
3155,https://viaf.org/viaf/29920954/
3156,https://viaf.org/viaf/29921000/
3157,https://viaf.org/viaf/29921016/
3158,https://viaf.org/viaf/29921028/
3159,https://viaf.org/viaf/29921071/
3160,https://viaf.org/viaf/29921092/
3161,https://viaf.org/viaf/29921102
3162,https://viaf.org/viaf/29921139/
3163,https://viaf.org/viaf/29921141/
3164,https://viaf.org/viaf/29921156/
3166,https://viaf.org/viaf/299656605/
3167,https://viaf.org/viaf/299733152
3168,https://viaf.org/viaf/300598388
3169,https://viaf.org/viaf/301225743/
3170,https://viaf.org/viaf/301986016/
3171,https://viaf.org/viaf/302240082/
3174,https://viaf.org/viaf/30332124/
3175,https://viaf.org/viaf/30349877/
3176,https://viaf.org/viaf/304582465
3177,https://viaf.org/viaf/304916731/
3182,https://viaf.org/viaf/305128391/
3183,https://viaf.org/viaf/305146462777427772794/
3184,https://viaf.org/viaf/305214868
3290,https://viaf.org/viaf/305392499/
3291,https://viaf.org/viaf/305392515
3292,https://viaf.org/viaf/305392522/
3293,https://viaf.org/viaf/305392559/
3294,https://viaf.org/viaf/305392561
3295,https://viaf.org/viaf/305392568/
3296,https://viaf.org/viaf/305392571/
3297,https://viaf.org/viaf/305392577/
3298,https://viaf.org/viaf/305392578/
3299,https://viaf.org/viaf/305392591
3300,https://viaf.org/viaf/305392601/
3301,https://viaf.org/viaf/305392607/
3302,https://viaf.org/viaf/305392608/
3304,https://viaf.org/viaf/305392610/
3305,https://viaf.org/viaf/305392625/
3306,https://viaf.org/viaf/305392626/
3307,https://viaf.org/viaf/305392633
3308,https://viaf.org/viaf/305409681
3309,https://viaf.org/viaf/305414374/
3312,https://viaf.org/viaf/307038/
3313,https://viaf.org/viaf/307168041/
3315,https://viaf.org/viaf/310526516/
3317,https://viaf.org/viaf/310526579/
3357,https://viaf.org/viaf/311288565/
3358,https://viaf.org/viaf/312800491
3360,https://viaf.org/viaf/312800491/
3362,https://viaf.org/viaf/314812428/
3369,https://viaf.org/viaf/315084459/
3372,https://viaf.org/viaf/315533504/
3376,https://viaf.org/viaf/315940805/315940805
3377,https://viaf.org/viaf/315946119
3380,https://viaf.org/viaf/315946119/
3381,https://viaf.org/viaf/316388247/
3382,https://viaf.org/viaf/316748703
3383,https://viaf.org/viaf/316748703/
3384,https://viaf.org/viaf/316749695/
3385,https://viaf.org/viaf/316786767/
3389,https://viaf.org/viaf/316880050/
3397,https://viaf.org/viaf/317278995/
3399,https://viaf.org/viaf/317282446/
3400,https://viaf.org/viaf/317282662/
3402,https://viaf.org/viaf/317291520/
3405,https://viaf.org/viaf/31867941
3407,https://viaf.org/viaf/321146462688527772168/
3408,https://viaf.org/viaf/32134390
3410,https://viaf.org/viaf/32140876/
3571,https://viaf.org/viaf/32386045/
3572,https://viaf.org/viaf/32386097/
3575,https://viaf.org/viaf/32386111/
3576,https://viaf.org/viaf/32386148/
3577,https://viaf.org/viaf/32386153
3578,https://viaf.org/viaf/32386182
3579,https://viaf.org/viaf/32386195
3580,https://viaf.org/viaf/32386287/
3581,https://viaf.org/viaf/32386294/
3582,https://viaf.org/viaf/32386336/
3583,https://viaf.org/viaf/32386343/
3587,https://viaf.org/viaf/32386391/
3588,https://viaf.org/viaf/32386406/
3589,https://viaf.org/viaf/32386410
3590,https://viaf.org/viaf/32386481/
3591,https://viaf.org/viaf/32386531/
3592,https://viaf.org/viaf/32386554/
3593,https://viaf.org/viaf/32386565/
3594,https://viaf.org/viaf/32386583/
3597,https://viaf.org/viaf/32386596/
3598,https://viaf.org/viaf/32386622/
3599,https://viaf.org/viaf/32386651/
3601,https://viaf.org/viaf/32386667/
3602,https://viaf.org/viaf/32386679
3603,https://viaf.org/viaf/32386698
3604,https://viaf.org/viaf/32386740
3605,https://viaf.org/viaf/32386755/
3606,https://viaf.org/viaf/32386772/
3607,https://viaf.org/viaf/32386786
3608,https://viaf.org/viaf/32386793/
3609,https://viaf.org/viaf/32386826/
3610,https://viaf.org/viaf/32386842/
3612,https://viaf.org/viaf/32386900
3613,https://viaf.org/viaf/32791548
3615,https://viaf.org/viaf/32802824/
3617,https://viaf.org/viaf/32806504
3621,https://viaf.org/viaf/32807961/
3623,https://viaf.org/viaf/33712197/
3624,https://viaf.org/viaf/34029342/
3627,https://viaf.org/viaf/34348174/
3628,https://viaf.org/viaf/34362168/
3629,https://viaf.org/viaf/34444948
3634,https://viaf.org/viaf/34444948/
3635,https://viaf.org/viaf/34451872/
3636,https://viaf.org/viaf/34461071/
3639,https://viaf.org/viaf/34843324/
3640,https://viaf.org/viaf/34843330/
3642,https://viaf.org/viaf/34843369/
3643,https://viaf.org/viaf/34843395/
3644,https://viaf.org/viaf/34843400/
3645,https://viaf.org/viaf/34843437/
3646,https://viaf.org/viaf/34843459/
3647,https://viaf.org/viaf/34843485/
3648,https://viaf.org/viaf/34843503/
3649,https://viaf.org/viaf/34843519
3652,https://viaf.org/viaf/34843526/
3653,https://viaf.org/viaf/34843672
3654,https://viaf.org/viaf/34843686/
3655,https://viaf.org/viaf/34843714/
3656,https://viaf.org/viaf/34843722
3657,https://viaf.org/viaf/34843746/
3658,https://viaf.org/viaf/34843751/
3660,https://viaf.org/viaf/34843779/
3661,https://viaf.org/viaf/34843798/
3662,https://viaf.org/viaf/34843808/
3663,https://viaf.org/viaf/34843812
3664,https://viaf.org/viaf/34843820/
3665,https://viaf.org/viaf/34843831/
3666,https://viaf.org/viaf/34843849/
3667,https://viaf.org/viaf/34843865/
3668,https://viaf.org/viaf/34843877/
3669,https://viaf.org/viaf/34843896/
3670,https://viaf.org/viaf/34843906/
3671,https://viaf.org/viaf/34843947
3672,https://viaf.org/viaf/34843952/
3673,https://viaf.org/viaf/34843975/
3674,https://viaf.org/viaf/34843999/
3675,https://viaf.org/viaf/34844008/
3676,https://viaf.org/viaf/34844012
3677,https://viaf.org/viaf/34844020/
3678,https://viaf.org/viaf/34844031
3679,https://viaf.org/viaf/34844054/
3680,https://viaf.org/viaf/34844065
3681,https://viaf.org/viaf/34844077/
3682,https://viaf.org/viaf/34844083
3683,https://viaf.org/viaf/34844168/
3684,https://viaf.org/viaf/34844217/
3685,https://viaf.org/viaf/34844255/
3686,https://viaf.org/viaf/34844264/
3687,https://viaf.org/viaf/34844286/
3688,https://viaf.org/viaf/35262585
3690,https://viaf.org/viaf/35828235/
3694,https://viaf.org/viaf/35872894/
3696,https://viaf.org/viaf/36160903/
3702,https://viaf.org/viaf/36248173/
3705,https://viaf.org/viaf/363149294088980520447/
3706,https://viaf.org/viaf/365762/
3708,https://viaf.org/viaf/365961/
3709,https://viaf.org/viaf/366134/
3712,https://viaf.org/viaf/36801505/
3714,https://viaf.org/viaf/36830350/
3715,https://viaf.org/viaf/36899161/
3717,https://viaf.org/viaf/36926979/
3747,https://viaf.org/viaf/36997694/
3750,https://viaf.org/viaf/37012417/
3751,https://viaf.org/viaf/37079831/
3752,https://viaf.org/viaf/37304143/
3753,https://viaf.org/viaf/37304158/
3754,https://viaf.org/viaf/37304170/
3755,https://viaf.org/viaf/37304191/
3756,https://viaf.org/viaf/37304209/
3758,https://viaf.org/viaf/37304245/
3759,https://viaf.org/viaf/37304278/
3760,https://viaf.org/viaf/37304297/
3761,https://viaf.org/viaf/37304307
3762,https://viaf.org/viaf/37304324/
3763,https://viaf.org/viaf/37304330/
3766,https://viaf.org/viaf/37304519/
3767,https://viaf.org/viaf/37304535/
3769,https://viaf.org/viaf/37304588/
3770,https://viaf.org/viaf/37304590/
3771,https://viaf.org/viaf/37304617/
3773,https://viaf.org/viaf/37304664
3774,https://viaf.org/viaf/37304672/
3775,https://viaf.org/viaf/37304686/
3776,https://viaf.org/viaf/37304733/
3777,https://viaf.org/viaf/37304746
3778,https://viaf.org/viaf/37304798/
3779,https://viaf.org/viaf/37304808/
3780,https://viaf.org/viaf/37304812
3781,https://viaf.org/viaf/37304820/
3782,https://viaf.org/viaf/37304910
3783,https://viaf.org/viaf/37304934/
3784,https://viaf.org/viaf/37304952/
3785,https://viaf.org/viaf/37304968/
3786,"https://viaf.org/viaf/37304975




"
3787,https://viaf.org/viaf/37304981/
3788,https://viaf.org/viaf/37305040/
3789,https://viaf.org/viaf/37305119/
3790,https://viaf.org/viaf/373149294099580520741/
3791,https://viaf.org/viaf/37711435
3794,https://viaf.org/viaf/3830086/
3795,https://viaf.org/viaf/38317659/
3798,https://viaf.org/viaf/38327704
3808,https://viaf.org/viaf/38361842/
3809,https://viaf.org/viaf/38376797/
3810,https://viaf.org/viaf/38389048/
3814,https://viaf.org/viaf/392146462605227770379
3815,https://viaf.org/viaf/3926768/
3820,https://viaf.org/viaf/39386582
3821,https://viaf.org/viaf/39387062/
3823,https://viaf.org/viaf/39389933/
3827,https://viaf.org/viaf/39684711/
3830,https://viaf.org/viaf/39725727/
3831,https://viaf.org/viaf/39729659/
3832,https://viaf.org/viaf/397325/
3833,https://viaf.org/viaf/39733357/
3834,https://viaf.org/viaf/39766180/
3835,https://viaf.org/viaf/39766302/
3836,https://viaf.org/viaf/39766318/
3838,https://viaf.org/viaf/39766373/
3839,https://viaf.org/viaf/39766413/
3840,https://viaf.org/viaf/39766421
3841,https://viaf.org/viaf/39766510/
3843,https://viaf.org/viaf/39766568/
3844,https://viaf.org/viaf/39766575
3845,https://viaf.org/viaf/39766696/
3846,https://viaf.org/viaf/39766715
3847,https://viaf.org/viaf/39766727/
3848,https://viaf.org/viaf/39766736/
3849,https://viaf.org/viaf/39766762/
3850,https://viaf.org/viaf/39766817/
3851,https://viaf.org/viaf/39766829/
3854,https://viaf.org/viaf/39766838/
3855,https://viaf.org/viaf/39766840/
3856,https://viaf.org/viaf/39766864/
3857,https://viaf.org/viaf/39766957/
3858,https://viaf.org/viaf/39767003
3859,https://viaf.org/viaf/39767042/
3860,https://viaf.org/viaf/39767100/
3861,https://viaf.org/viaf/39767137
3862,https://viaf.org/viaf/39767144/
3863,https://viaf.org/viaf/39767159/
3867,https://viaf.org/viaf/39767163
3868,https://viaf.org/viaf/39767185
3869,https://viaf.org/viaf/398428/
3872,https://viaf.org/viaf/398437/
3873,https://viaf.org/viaf/398459/
3874,https://viaf.org/viaf/398535/
3875,https://viaf.org/viaf/398590
3876,"https://viaf.org/viaf/398601
"
3877,https://viaf.org/viaf/398617/
3879,https://viaf.org/viaf/398629/
3881,https://viaf.org/viaf/398655
3882,https://viaf.org/viaf/398705/
3885,"https://viaf.org/viaf/398779
"
3886,https://viaf.org/viaf/398798/
3887,https://viaf.org/viaf/398808/
3888,https://viaf.org/viaf/398812/
3889,https://viaf.org/viaf/398849
3890,https://viaf.org/viaf/398906/
3891,https://viaf.org/viaf/398934/
3892,https://viaf.org/viaf/398952/
3895,https://viaf.org/viaf/398999/
3896,https://viaf.org/viaf/399005/
3897,https://viaf.org/viaf/399022
3898,https://viaf.org/viaf/399033/
3899,https://viaf.org/viaf/399046/
3903,https://viaf.org/viaf/399080/
3904,https://viaf.org/viaf/399112/
3905,https://viaf.org/viaf/399120/
3906,https://viaf.org/viaf/399154/
3907,https://viaf.org/viaf/399165/
3908,https://viaf.org/viaf/399183
3909,https://viaf.org/viaf/399196/
3910,https://viaf.org/viaf/399235/
3911,https://viaf.org/viaf/399741/
3913,https://viaf.org/viaf/40172901/
3916,https://viaf.org/viaf/40174522/
3917,https://viaf.org/viaf/40191578/
3920,https://viaf.org/viaf/4034769/
3922,https://viaf.org/viaf/41124402/
3923,https://viaf.org/viaf/41402020/
3924,https://viaf.org/viaf/4146824308507630171/
3925,https://viaf.org/viaf/41839141/
3927,https://viaf.org/viaf/41855817
3931,https://viaf.org/viaf/41914927/
3933,https://viaf.org/viaf/41977022
3937,https://viaf.org/viaf/41992412/
3938,https://viaf.org/viaf/421149294088980520159
3939,https://viaf.org/viaf/42187034
3944,https://viaf.org/viaf/42229977/
3945,https://viaf.org/viaf/42229996
3946,https://viaf.org/viaf/42230009/
3947,https://viaf.org/viaf/42230013/
3948,https://viaf.org/viaf/42230045/
3949,https://viaf.org/viaf/42230050/
3950,https://viaf.org/viaf/42230097/
3951,https://viaf.org/viaf/42230107/
3952,https://viaf.org/viaf/42230130
3953,https://viaf.org/viaf/42230148/
3955,https://viaf.org/viaf/42230153
3956,https://viaf.org/viaf/42230169
3957,https://viaf.org/viaf/42230273/
3958,https://viaf.org/viaf/42230287/
3959,https://viaf.org/viaf/42230294/
3960,https://viaf.org/viaf/42230315/
3961,https://viaf.org/viaf/42230336/
3962,https://viaf.org/viaf/42230343/
3963,https://viaf.org/viaf/42230362
3964,https://viaf.org/viaf/42230370/
3965,https://viaf.org/viaf/42230481/
3966,https://viaf.org/viaf/42230499/
3967,https://viaf.org/viaf/42230520
3968,https://viaf.org/viaf/42230531
3969,https://viaf.org/viaf/42230554/
3971,https://viaf.org/viaf/42230583
3972,https://viaf.org/viaf/42230605/
3973,https://viaf.org/viaf/42230679/
3974,https://viaf.org/viaf/42630277/
3975,https://viaf.org/viaf/42630594/
3987,https://viaf.org/viaf/42631297
3988,https://viaf.org/viaf/42634532/
3991,https://viaf.org/viaf/4320148523903720970004/
3992,https://viaf.org/viaf/43254199/
3993,https://viaf.org/viaf/43286493
3994,https://viaf.org/viaf/43436762/
3995,https://viaf.org/viaf/43627912/
3996,https://viaf.org/viaf/44109048/
3998,https://viaf.org/viaf/44299175/
4108,https://viaf.org/viaf/44435485/
4124,https://viaf.org/viaf/44580354/
4125,https://viaf.org/viaf/44692181/
4126,https://viaf.org/viaf/44692240/
4127,https://viaf.org/viaf/44692255/
4128,https://viaf.org/viaf/44692264/
4129,https://viaf.org/viaf/44692272/
4130,https://viaf.org/viaf/44692286/
4131,https://viaf.org/viaf/44692319/
4132,https://viaf.org/viaf/44692361/
4133,https://viaf.org/viaf/44692511/
4134,https://viaf.org/viaf/44692553/
4135,https://viaf.org/viaf/44692621/
4136,https://viaf.org/viaf/44692632/
4137,https://viaf.org/viaf/44692666/
4138,"https://viaf.org/viaf/44692678
"
4139,https://viaf.org/viaf/44692700/
4140,https://viaf.org/viaf/44692716
4141,https://viaf.org/viaf/44692728/
4142,https://viaf.org/viaf/44692744/
4143,https://viaf.org/viaf/44692771/
4144,https://viaf.org/viaf/44692792
4145,https://viaf.org/viaf/44692825/
4146,https://viaf.org/viaf/44692839/
4147,https://viaf.org/viaf/44692841/
4148,https://viaf.org/viaf/44692856/
4149,https://viaf.org/viaf/44692860
4150,https://viaf.org/viaf/44692887
4151,https://viaf.org/viaf/44692894
4152,https://viaf.org/viaf/44692904/
4153,https://viaf.org/viaf/44692915/
4155,https://viaf.org/viaf/44692958
4156,https://viaf.org/viaf/44692970/
4157,https://viaf.org/viaf/44692989/
4158,https://viaf.org/viaf/44693019/
4159,https://viaf.org/viaf/44693061/
4160,https://viaf.org/viaf/45098528/
4161,https://viaf.org/viaf/45102114/
4162,https://viaf.org/viaf/45102510/
4163,https://viaf.org/viaf/45103376/
4164,https://viaf.org/viaf/45105512
4166,https://viaf.org/viaf/45107807/
4167,https://viaf.org/viaf/45596235/
4168,https://viaf.org/viaf/45734049/
4171,https://viaf.org/viaf/46138122/
4174,https://viaf.org/viaf/46735515/
4175,https://viaf.org/viaf/46768430/
4176,https://viaf.org/viaf/47115221/
4177,https://viaf.org/viaf/47151107/
4178,https://viaf.org/viaf/47151239/
4179,https://viaf.org/viaf/47152266/
4181,https://viaf.org/viaf/47152416/
4183,https://viaf.org/viaf/47152428
4184,https://viaf.org/viaf/47152463/
4185,https://viaf.org/viaf/47152485/
4189,https://viaf.org/viaf/47152503/
4190,https://viaf.org/viaf/47152519/
4191,https://viaf.org/viaf/47152535/
4192,https://viaf.org/viaf/47152561/
4193,https://viaf.org/viaf/47152588/
4194,https://viaf.org/viaf/47152590/
4195,https://viaf.org/viaf/47152601/
4196,https://viaf.org/viaf/47152617/
4197,https://viaf.org/viaf/47152638/
4198,https://viaf.org/viaf/47152640
4199,https://viaf.org/viaf/47152767/
4200,https://viaf.org/viaf/47152779/
4202,https://viaf.org/viaf/47152812/
4203,https://viaf.org/viaf/47152877
4204,https://viaf.org/viaf/47152883/
4205,https://viaf.org/viaf/47152910
4206,https://viaf.org/viaf/47152934/
4207,https://viaf.org/viaf/47152968/
4208,https://viaf.org/viaf/47152981/
4209,https://viaf.org/viaf/47152999/
4210,https://viaf.org/viaf/47153011/
4211,https://viaf.org/viaf/47153053/
4212,https://viaf.org/viaf/47153069/
4213,https://viaf.org/viaf/47153082/
4214,https://viaf.org/viaf/47153105/
4215,https://viaf.org/viaf/47153122/
4216,https://viaf.org/viaf/47153133
4217,https://viaf.org/viaf/47153180
4218,https://viaf.org/viaf/47153198/
4219,https://viaf.org/viaf/47153237/
4221,https://viaf.org/viaf/47153244
4222,https://viaf.org/viaf/47153259/
4223,https://viaf.org/viaf/47153263
4224,https://viaf.org/viaf/47153292/
4225,https://viaf.org/viaf/47196191/
4226,https://viaf.org/viaf/47558255/
4228,https://viaf.org/viaf/48007880/
4229,https://viaf.org/viaf/48159479/
4237,https://viaf.org/viaf/48826031/
4238,https://viaf.org/viaf/4906860/
4240,https://viaf.org/viaf/49224361/
4241,https://viaf.org/viaf/49269266/
4248,https://viaf.org/viaf/4929593/
4287,https://viaf.org/viaf/49572621/
4288,https://viaf.org/viaf/49580750/
4289,https://viaf.org/viaf/49580766/
4290,https://viaf.org/viaf/49613664/
4291,https://viaf.org/viaf/49613672/
4292,https://viaf.org/viaf/49613693/
4294,https://viaf.org/viaf/49613733/
4295,https://viaf.org/viaf/49613751/
4296,https://viaf.org/viaf/49613779/
4298,https://viaf.org/viaf/49613780/
4299,https://viaf.org/viaf/49613854/
4300,https://viaf.org/viaf/49613968/
4301,https://viaf.org/viaf/49614012/
4302,https://viaf.org/viaf/49614054/
4303,https://viaf.org/viaf/49614065
4304,https://viaf.org/viaf/49614077/
4305,https://viaf.org/viaf/49614083/
4306,https://viaf.org/viaf/49614096
4307,https://viaf.org/viaf/49614134
4308,https://viaf.org/viaf/49614152/
4309,https://viaf.org/viaf/49614175/
4310,https://viaf.org/viaf/49614181/
4313,https://viaf.org/viaf/49614217/
4314,https://viaf.org/viaf/49614238
4315,https://viaf.org/viaf/49614264/
4316,https://viaf.org/viaf/49614272/
4317,https://viaf.org/viaf/49614293
4318,https://viaf.org/viaf/49614319/
4321,https://viaf.org/viaf/49614335/
4322,https://viaf.org/viaf/49614342/
4323,https://viaf.org/viaf/49614361/
4324,https://viaf.org/viaf/49614414/
4325,https://viaf.org/viaf/49614422/
4326,https://viaf.org/viaf/497149294089180520516/
4327,https://viaf.org/viaf/50018020/
4335,https://viaf.org/viaf/50019529/
4338,https://viaf.org/viaf/50021288/
4339,https://viaf.org/viaf/50034301/
4345,https://viaf.org/viaf/50423330/
4346,https://viaf.org/viaf/50583284/
4347,https://viaf.org/viaf/508154387099730970006/
4348,https://viaf.org/viaf/51581927/
4349,https://viaf.org/viaf/516149294088680520523/
4350,https://viaf.org/viaf/51651645/
4352,https://viaf.org/viaf/51687951
4429,https://viaf.org/viaf/51764002/
4430,https://viaf.org/viaf/519149294103980520774
4431,https://viaf.org/viaf/52079564/
4432,https://viaf.org/viaf/52080638/
4433,https://viaf.org/viaf/52080767/
4435,https://viaf.org/viaf/52080780/
4437,https://viaf.org/viaf/52080798/
4438,https://viaf.org/viaf/52080849
4439,"https://viaf.org/viaf/52080865
"
4441,https://viaf.org/viaf/52080877
4442,https://viaf.org/viaf/52080906/
4443,https://viaf.org/viaf/52080952/
4444,https://viaf.org/viaf/52080968/
4445,https://viaf.org/viaf/52080981/
4446,https://viaf.org/viaf/52081100/
4448,https://viaf.org/viaf/52081128/
4449,https://viaf.org/viaf/52081144
4451,https://viaf.org/viaf/52081192/
4455,https://viaf.org/viaf/52081205/
4456,https://viaf.org/viaf/52081222
4457,https://viaf.org/viaf/52081251/
4458,https://viaf.org/viaf/52081279
4459,https://viaf.org/viaf/52081298/
4460,https://viaf.org/viaf/52081320/
4462,https://viaf.org/viaf/52081349/
4463,https://viaf.org/viaf/52081354/
4464,https://viaf.org/viaf/52081383
4465,https://viaf.org/viaf/52081438/
4466,https://viaf.org/viaf/52081464/
4467,https://viaf.org/viaf/52081472
4468,https://viaf.org/viaf/52081591
4469,https://viaf.org/viaf/52081602/
4470,https://viaf.org/viaf/52081639
4471,https://viaf.org/viaf/52081641/
4472,https://viaf.org/viaf/52144814309555444610/
4473,"https://viaf.org/viaf/52482351
"
4474,https://viaf.org/viaf/52498957/
4475,https://viaf.org/viaf/52502139/
4476,https://viaf.org/viaf/53033223
4477,https://viaf.org/viaf/5317364/
4478,https://viaf.org/viaf/5317372/
4479,https://viaf.org/viaf/5317465/
4480,https://viaf.org/viaf/5317477/
4483,https://viaf.org/viaf/5317505/
4484,https://viaf.org/viaf/5317546/
4485,https://viaf.org/viaf/5317567/
4486,https://viaf.org/viaf/5317579/
4487,https://viaf.org/viaf/5317580/
4488,https://viaf.org/viaf/5317624
4489,https://viaf.org/viaf/5317630/
4490,https://viaf.org/viaf/5317648/
4491,https://viaf.org/viaf/5317669/
4494,https://viaf.org/viaf/5317682
4495,https://viaf.org/viaf/5317703/
4496,https://viaf.org/viaf/5317719/
4497,https://viaf.org/viaf/5317800/
4498,https://viaf.org/viaf/5317816/
4500,https://viaf.org/viaf/5317837/
4501,https://viaf.org/viaf/5317844/
4502,https://viaf.org/viaf/5317859/
4503,https://viaf.org/viaf/5317885
4505,https://viaf.org/viaf/5317939/
4506,https://viaf.org/viaf/5317960/
4507,https://viaf.org/viaf/5318029
4508,https://viaf.org/viaf/5318055/
4510,https://viaf.org/viaf/5318072/
4512,https://viaf.org/viaf/5318103/
4513,https://viaf.org/viaf/5318119/
4515,https://viaf.org/viaf/5318188/
4516,https://viaf.org/viaf/5318190/
4517,https://viaf.org/viaf/5318208/
4519,https://viaf.org/viaf/5318283
4520,https://viaf.org/viaf/5318310/
4521,https://viaf.org/viaf/5318323
4522,https://viaf.org/viaf/533145858277823022576
4523,https://viaf.org/viaf/54010697/
4524,https://viaf.org/viaf/54119484/
4529,https://viaf.org/viaf/54152998/
4546,https://viaf.org/viaf/54156222
4548,https://viaf.org/viaf/54284156/
4550,https://viaf.org/viaf/54284295/
4551,https://viaf.org/viaf/54491615/
4552,https://viaf.org/viaf/54503260/
4554,https://viaf.org/viaf/54530544/
4555,https://viaf.org/viaf/54536634/
4556,https://viaf.org/viaf/54536652/
4557,https://viaf.org/viaf/54536699/
4558,https://viaf.org/viaf/54536725
4559,https://viaf.org/viaf/54536773/
4560,https://viaf.org/viaf/54536787/
4561,https://viaf.org/viaf/54536794/
4566,https://viaf.org/viaf/54536815/
4567,https://viaf.org/viaf/54536972/
4568,https://viaf.org/viaf/54537001/
4569,https://viaf.org/viaf/54537017/
4572,https://viaf.org/viaf/54537040/
4573,https://viaf.org/viaf/54537055/
4574,https://viaf.org/viaf/54537093/
4575,https://viaf.org/viaf/54537119/
4576,"https://viaf.org/viaf/54537135
"
4577,https://viaf.org/viaf/54537254/
4578,https://viaf.org/viaf/54537283/
4579,https://viaf.org/viaf/54537306
4580,https://viaf.org/viaf/54537368/
4581,https://viaf.org/viaf/54537375/
4582,https://viaf.org/viaf/54537404
4583,https://viaf.org/viaf/54537415/
4584,https://viaf.org/viaf/54537436/
4585,https://viaf.org/viaf/54939606/
4586,https://viaf.org/viaf/54944687/
4588,https://viaf.org/viaf/54954275/
4590,https://viaf.org/viaf/54957431
4591,https://viaf.org/viaf/55571017
4592,https://viaf.org/viaf/56220108/
4593,https://viaf.org/viaf/56580498/
4594,https://viaf.org/viaf/56588190/
4595,https://viaf.org/viaf/56595424/
4596,https://viaf.org/viaf/56608763/
4598,https://viaf.org/viaf/56661517/
4600,https://viaf.org/viaf/56956295/
4602,https://viaf.org/viaf/57001048/
4604,https://viaf.org/viaf/57001200/
4605,https://viaf.org/viaf/57001216/
4606,https://viaf.org/viaf/57001228/
4607,https://viaf.org/viaf/57001237/
4610,https://viaf.org/viaf/57001259
4611,https://viaf.org/viaf/57001271
4612,https://viaf.org/viaf/57001292/
4613,https://viaf.org/viaf/57001318/
4615,https://viaf.org/viaf/57001339/
4616,https://viaf.org/viaf/57001356
4617,https://viaf.org/viaf/57001413/
4618,https://viaf.org/viaf/57001421/
4619,https://viaf.org/viaf/57001552/
4620,https://viaf.org/viaf/57001568
4621,https://viaf.org/viaf/57001581/
4622,https://viaf.org/viaf/57001608
4623,https://viaf.org/viaf/57001612
4624,https://viaf.org/viaf/57001654/
4625,https://viaf.org/viaf/57001665/
4626,https://viaf.org/viaf/57001677
4627,https://viaf.org/viaf/57001696
4628,https://viaf.org/viaf/57001715/
4629,https://viaf.org/viaf/57001727/
4630,https://viaf.org/viaf/57001743/
4632,https://viaf.org/viaf/57001791
4633,https://viaf.org/viaf/57001801/
4634,https://viaf.org/viaf/57001817/
4636,https://viaf.org/viaf/57001829/
4637,https://viaf.org/viaf/57001838/
4638,https://viaf.org/viaf/57001872/
4639,https://viaf.org/viaf/57001893/
4640,https://viaf.org/viaf/57001903
4641,https://viaf.org/viaf/57001942
4642,https://viaf.org/viaf/57001990/
4644,https://viaf.org/viaf/57002016/
4645,https://viaf.org/viaf/57002037
4646,https://viaf.org/viaf/57002059/
4647,https://viaf.org/viaf/57002063/
4648,https://viaf.org/viaf/57002071/
4649,https://viaf.org/viaf/57145910123927021804/
4650,https://viaf.org/viaf/5725023/
4651,https://viaf.org/viaf/5727144/
4656,https://viaf.org/viaf/57406701/
4676,https://viaf.org/viaf/57415060/
4677,https://viaf.org/viaf/57423367/
4679,https://viaf.org/viaf/57923583/
4680,https://viaf.org/viaf/57997267/
4682,https://viaf.org/viaf/58103843
4702,https://viaf.org/viaf/58124868
4703,https://viaf.org/viaf/58903994/
4705,https://viaf.org/viaf/59155489/
4706,https://viaf.org/viaf/59182520/
4707,https://viaf.org/viaf/59438804/
4708,https://viaf.org/viaf/59442825/
4714,https://viaf.org/viaf/59475398/
4715,https://viaf.org/viaf/59475564/
4717,https://viaf.org/viaf/59475586
4718,https://viaf.org/viaf/59475615/
4719,https://viaf.org/viaf/59475627
4720,https://viaf.org/viaf/59475643/
4721,https://viaf.org/viaf/59475658/
4722,https://viaf.org/viaf/59475754/
4723,https://viaf.org/viaf/59475868/
4724,https://viaf.org/viaf/59475909/
4725,https://viaf.org/viaf/59475913/
4726,https://viaf.org/viaf/59475984
4727,https://viaf.org/viaf/59475997
4728,https://viaf.org/viaf/59476004/
4729,https://viaf.org/viaf/59476062/
4730,https://viaf.org/viaf/59476091/
4731,https://viaf.org/viaf/59476155/
4732,https://viaf.org/viaf/59476193
4733,https://viaf.org/viaf/59476234
4734,https://viaf.org/viaf/59476247/
4735,https://viaf.org/viaf/59476366/
4736,https://viaf.org/viaf/59476384
4737,https://viaf.org/viaf/59476397/
4738,https://viaf.org/viaf/59476402/
4739,https://viaf.org/viaf/59476418/
4740,https://viaf.org/viaf/59882829/
4742,https://viaf.org/viaf/60320706/
4744,https://viaf.org/viaf/60528301/
4748,https://viaf.org/viaf/61154369/
4751,https://viaf.org/viaf/61254702/
4752,https://viaf.org/viaf/61503973/
4754,https://viaf.org/viaf/61550437/
4759,https://viaf.org/viaf/61570390/
4765,https://viaf.org/viaf/61683125/
4766,https://viaf.org/viaf/61898461/
4768,https://viaf.org/viaf/61941012/
4769,https://viaf.org/viaf/61941096/
4770,https://viaf.org/viaf/61941123/
4772,https://viaf.org/viaf/61941134/
4773,https://viaf.org/viaf/61941147/
4774,https://viaf.org/viaf/61941181/
4775,https://viaf.org/viaf/61941217/
4776,https://viaf.org/viaf/61941374/
4777,https://viaf.org/viaf/61941388/
4778,https://viaf.org/viaf/61941390/
4779,https://viaf.org/viaf/61941405/
4780,https://viaf.org/viaf/61941414/
4781,https://viaf.org/viaf/61941467/
4783,https://viaf.org/viaf/61941479/
4784,https://viaf.org/viaf/61941553/
4785,https://viaf.org/viaf/61941569/
4786,https://viaf.org/viaf/61941595/
4787,https://viaf.org/viaf/61941666/
4788,https://viaf.org/viaf/61941684/
4791,https://viaf.org/viaf/61941759/
4792,https://viaf.org/viaf/61941763/
4793,https://viaf.org/viaf/61941785/
4796,https://viaf.org/viaf/61941802/
4797,https://viaf.org/viaf/61983354/
4798,https://viaf.org/viaf/62351876/
4799,https://viaf.org/viaf/6297311/
4807,https://viaf.org/viaf/62976974/
4808,https://viaf.org/viaf/63054916/
4810,https://viaf.org/viaf/63094973/
4812,https://viaf.org/viaf/63352638
4813,https://viaf.org/viaf/63892890/
4814,https://viaf.org/viaf/63975332/
4815,https://viaf.org/viaf/63981926/
4817,https://viaf.org/viaf/64013451/
4833,https://viaf.org/viaf/64016141/
4861,https://viaf.org/viaf/64141756/
4871,https://viaf.org/viaf/64395301/
4872,https://viaf.org/viaf/64395317/
4873,https://viaf.org/viaf/64395329/
4874,https://viaf.org/viaf/64395355/
4876,https://viaf.org/viaf/64395364/
4877,https://viaf.org/viaf/64395386/
4878,https://viaf.org/viaf/64395393/
4879,https://viaf.org/viaf/64395420/
4880,https://viaf.org/viaf/64395465/
4881,https://viaf.org/viaf/64395496/
4886,https://viaf.org/viaf/64395580/
4887,https://viaf.org/viaf/64395598/
4888,https://viaf.org/viaf/64395624/
4889,https://viaf.org/viaf/64395682/
4890,https://viaf.org/viaf/64395757/
4891,https://viaf.org/viaf/64395761/
4892,https://viaf.org/viaf/64395790
4893,https://viaf.org/viaf/64395800
4894,https://viaf.org/viaf/64395863/
4895,https://viaf.org/viaf/64395871/
4899,https://viaf.org/viaf/64395885
4900,https://viaf.org/viaf/64395892
4901,https://viaf.org/viaf/64395925/
4902,https://viaf.org/viaf/64395941/
4903,https://viaf.org/viaf/64395973/
4904,https://viaf.org/viaf/64395987/
4905,https://viaf.org/viaf/64396011
4906,https://viaf.org/viaf/64396030/
4908,https://viaf.org/viaf/64813520/
4909,https://viaf.org/viaf/65318710/
4910,https://viaf.org/viaf/66352051/
4911,https://viaf.org/viaf/66462281/
4912,https://viaf.org/viaf/66499129/
4917,https://viaf.org/viaf/66502102/
4918,https://viaf.org/viaf/66611339/
4919,https://viaf.org/viaf/66812056
4921,https://viaf.org/viaf/66822887/
4922,https://viaf.org/viaf/66855775/
4923,https://viaf.org/viaf/66855813/
4924,https://viaf.org/viaf/66855832/
4925,https://viaf.org/viaf/66855884/
4927,https://viaf.org/viaf/66855897/
4928,https://viaf.org/viaf/66855907/
4929,https://viaf.org/viaf/66855953/
4930,https://viaf.org/viaf/66855969/
4931,https://viaf.org/viaf/66855976/
4932,https://viaf.org/viaf/66855995/
4934,https://viaf.org/viaf/66856056/
4935,https://viaf.org/viaf/66856060/
4936,https://viaf.org/viaf/66856073/
4937,https://viaf.org/viaf/66856087/
4938,https://viaf.org/viaf/66856115/
4939,https://viaf.org/viaf/66856127/
4940,https://viaf.org/viaf/66856136/
4941,https://viaf.org/viaf/66856143/
4942,https://viaf.org/viaf/66856158/
4943,https://viaf.org/viaf/66856170/
4944,https://viaf.org/viaf/66856297/
4945,https://viaf.org/viaf/66856307/
4946,https://viaf.org/viaf/66856330/
4947,https://viaf.org/viaf/66856348
4948,https://viaf.org/viaf/66856353
4949,https://viaf.org/viaf/66856376/
4950,https://viaf.org/viaf/66856395/
4951,https://viaf.org/viaf/66856416/
4952,https://viaf.org/viaf/66856428/
4953,https://viaf.org/viaf/671145857903523021068/
4955,https://viaf.org/viaf/67264121
4958,https://viaf.org/viaf/67270092/
4959,https://viaf.org/viaf/67275149
4960,https://viaf.org/viaf/67276145/
4961,https://viaf.org/viaf/67762941/
4962,https://viaf.org/viaf/68974968/
4963,https://viaf.org/viaf/68976194/
4965,https://viaf.org/viaf/69016459/
4969,https://viaf.org/viaf/69031816/
4974,https://viaf.org/viaf/69276186/
4975,https://viaf.org/viaf/69320826/
4976,https://viaf.org/viaf/69320835/
4977,https://viaf.org/viaf/69320857/
4979,https://viaf.org/viaf/69320890/
4980,https://viaf.org/viaf/69320928
4981,https://viaf.org/viaf/69320937/
4982,https://viaf.org/viaf/69320959/
4983,https://viaf.org/viaf/69320971/
4985,https://viaf.org/viaf/69321096
4986,https://viaf.org/viaf/69321106/
4987,https://viaf.org/viaf/69321152/
4988,https://viaf.org/viaf/69321168/
4989,https://viaf.org/viaf/69321199/
4990,https://viaf.org/viaf/69321201/
4991,https://viaf.org/viaf/69321229/
4992,https://viaf.org/viaf/69321293/
4993,https://viaf.org/viaf/69321374/
4994,https://viaf.org/viaf/69321390/
4996,https://viaf.org/viaf/69321451/
4997,https://viaf.org/viaf/69321480/
4998,https://viaf.org/viaf/69321507/
4999,https://viaf.org/viaf/69321511/
5000,https://viaf.org/viaf/69321524/
5001,https://viaf.org/viaf/69321576
5002,https://viaf.org/viaf/69321582
5003,https://viaf.org/viaf/69321595
5004,https://viaf.org/viaf/69337831/
5005,https://viaf.org/viaf/69721469/
5007,https://viaf.org/viaf/7001716/
5008,https://viaf.org/viaf/70051641/
5009,https://viaf.org/viaf/70287663/
5010,https://viaf.org/viaf/7041070/
5011,https://viaf.org/viaf/70733943/
5015,https://viaf.org/viaf/71234739/
5016,https://viaf.org/viaf/71367291/
5017,https://viaf.org/viaf/71399875/
5022,https://viaf.org/viaf/71405213
5026,https://viaf.org/viaf/71427145/
5029,https://viaf.org/viaf/7146217703009140660/
5032,https://viaf.org/viaf/71504671
5034,https://viaf.org/viaf/71758970/
5035,https://viaf.org/viaf/71783264/
5036,https://viaf.org/viaf/71783293/
5037,https://viaf.org/viaf/71783319/
5038,https://viaf.org/viaf/71783342/
5039,https://viaf.org/viaf/71783388/
5040,https://viaf.org/viaf/71783422/
5041,https://viaf.org/viaf/71783433/
5042,https://viaf.org/viaf/71783446/
5043,https://viaf.org/viaf/71783582
5044,https://viaf.org/viaf/71783595/
5045,https://viaf.org/viaf/71783613/
5046,https://viaf.org/viaf/71783632/
5047,https://viaf.org/viaf/71783728/
5048,https://viaf.org/viaf/71783737/
5049,https://viaf.org/viaf/71783744
5050,https://viaf.org/viaf/71783825/
5051,https://viaf.org/viaf/71783856/
5052,https://viaf.org/viaf/71783860/
5053,https://viaf.org/viaf/71783894/
5054,https://viaf.org/viaf/71783904/
5055,https://viaf.org/viaf/71783927/
5057,https://viaf.org/viaf/71783936/
5058,https://viaf.org/viaf/71783943/
5059,https://viaf.org/viaf/71783962
5060,https://viaf.org/viaf/71783989/
5061,https://viaf.org/viaf/71784002/
5062,https://viaf.org/viaf/71784041/
5063,https://viaf.org/viaf/71784073
5064,https://viaf.org/viaf/71784104
5065,https://viaf.org/viaf/71784127
5066,https://viaf.org/viaf/71784136/
5067,https://viaf.org/viaf/71784143
5068,https://viaf.org/viaf/71784158/
5069,https://viaf.org/viaf/7191746/
5072,https://viaf.org/viaf/72184962/
5073,https://viaf.org/viaf/72186344/
5074,https://viaf.org/viaf/72187489
5078,https://viaf.org/viaf/72188607
5079,https://viaf.org/viaf/72190409/
5080,https://viaf.org/viaf/72190450/
5082,https://viaf.org/viaf/72203785/
5083,https://viaf.org/viaf/72639048/
5084,https://viaf.org/viaf/73701116/
5086,https://viaf.org/viaf/73822658/
5087,https://viaf.org/viaf/73879608/
5088,https://viaf.org/viaf/7395322/
5089,https://viaf.org/viaf/74241852/
5090,"https://viaf.org/viaf/74241881
"
5091,https://viaf.org/viaf/74241899/
5092,https://viaf.org/viaf/74241913/
5093,https://viaf.org/viaf/74241921/
5094,https://viaf.org/viaf/74241932/
5098,https://viaf.org/viaf/74241950/
5099,https://viaf.org/viaf/74241966/
5100,https://viaf.org/viaf/74241978/
5101,https://viaf.org/viaf/74241997/
5102,https://viaf.org/viaf/74242082/
5103,https://viaf.org/viaf/74242146/
5104,https://viaf.org/viaf/74242179/
5105,https://viaf.org/viaf/74242228/
5106,https://viaf.org/viaf/74242237/
5107,https://viaf.org/viaf/74242302
5108,https://viaf.org/viaf/74242339/
5120,https://viaf.org/viaf/74242373/
5121,https://viaf.org/viaf/74242387/
5122,https://viaf.org/viaf/74242409/
5123,https://viaf.org/viaf/74242432/
5124,https://viaf.org/viaf/74242445/
5127,https://viaf.org/viaf/74242497
5128,https://viaf.org/viaf/74242510/
5129,https://viaf.org/viaf/74242534/
5131,https://viaf.org/viaf/74244818/
5132,https://viaf.org/viaf/7433097/
5133,https://viaf.org/viaf/7440344/
5139,https://viaf.org/viaf/74659242/
5140,https://viaf.org/viaf/74659261/
5141,https://viaf.org/viaf/7524651/
5197,https://viaf.org/viaf/76003898/
5198,https://viaf.org/viaf/76163187/
5199,https://viaf.org/viaf/76206574/
5200,https://viaf.org/viaf/76233948
5202,https://viaf.org/viaf/76294069/
5203,https://viaf.org/viaf/76294608/
5204,https://viaf.org/viaf/76320611/
5207,https://viaf.org/viaf/76393969/
5258,https://viaf.org/viaf/76402897/
5261,https://viaf.org/viaf/76660365
5262,https://viaf.org/viaf/76661559/
5263,https://viaf.org/viaf/7670336/
5265,https://viaf.org/viaf/76705808
5267,https://viaf.org/viaf/76705812/
5268,https://viaf.org/viaf/76705820
5269,https://viaf.org/viaf/76705865
5270,https://viaf.org/viaf/76705877/
5272,https://viaf.org/viaf/76705883/
5273,https://viaf.org/viaf/76705896/
5274,https://viaf.org/viaf/76705934/
5275,https://viaf.org/viaf/76705947
5276,https://viaf.org/viaf/76705975/
5277,https://viaf.org/viaf/76706086/
5278,"https://viaf.org/viaf/76706174
"
5279,https://viaf.org/viaf/76706212/
5280,https://viaf.org/viaf/76706220
5281,https://viaf.org/viaf/76706347/
5282,https://viaf.org/viaf/76706352/
5285,https://viaf.org/viaf/76706368
5286,https://viaf.org/viaf/76706399/
5288,https://viaf.org/viaf/76706458/
5290,https://viaf.org/viaf/76706462/
5292,https://viaf.org/viaf/76706489/
5293,https://viaf.org/viaf/76706491/
5294,https://viaf.org/viaf/76706502/
5295,https://viaf.org/viaf/77111352
5320,https://viaf.org/viaf/77121944/
5321,https://viaf.org/viaf/77132959/
5322,https://viaf.org/viaf/7774507/
5323,https://viaf.org/viaf/7774613/
5325,https://viaf.org/viaf/7774632/
5326,https://viaf.org/viaf/7774645
5327,https://viaf.org/viaf/7774684/
5329,https://viaf.org/viaf/7774936
5330,https://viaf.org/viaf/7774958/
5331,https://viaf.org/viaf/7774962/
5332,https://viaf.org/viaf/7774970/
5333,https://viaf.org/viaf/7774989
5334,https://viaf.org/viaf/7775009/
5335,https://viaf.org/viaf/7775097/
5336,https://viaf.org/viaf/7775202/
5337,https://viaf.org/viaf/7775218
5338,https://viaf.org/viaf/7775241/
5339,https://viaf.org/viaf/7775315/
5340,https://viaf.org/viaf/7775327/
5341,https://viaf.org/viaf/77753363
5342,https://viaf.org/viaf/7775343/
5343,https://viaf.org/viaf/7775362/
5344,https://viaf.org/viaf/7775391/
5345,https://viaf.org/viaf/7775406/
5346,https://viaf.org/viaf/7775410/
5347,https://viaf.org/viaf/7775452/
5348,https://viaf.org/viaf/7775565/
5349,https://viaf.org/viaf/7775577/
5351,https://viaf.org/viaf/7791069/
5352,https://viaf.org/viaf/78400346/
5353,https://viaf.org/viaf/78456017
5357,https://viaf.org/viaf/78559870
5358,https://viaf.org/viaf/78625557/
5359,https://viaf.org/viaf/78715163/
5360,https://viaf.org/viaf/78769600/
5373,https://viaf.org/viaf/78770488/
5377,https://viaf.org/viaf/78777213
5379,https://viaf.org/viaf/78819908
5382,https://viaf.org/viaf/78822798/
5386,https://viaf.org/viaf/79012427/
5388,https://viaf.org/viaf/79040075/
5395,https://viaf.org/viaf/79043621/
5399,https://viaf.org/viaf/79098438/
5412,https://viaf.org/viaf/79115278
5426,https://viaf.org/viaf/79139373/
5431,https://viaf.org/viaf/79139886/
5432,https://viaf.org/viaf/79142489/
5500,https://viaf.org/viaf/79142539/
5502,https://viaf.org/viaf/79142922/
5504,https://viaf.org/viaf/79143579/
5505,https://viaf.org/viaf/79147450/
5506,https://viaf.org/viaf/79258762/
5508,https://viaf.org/viaf/79258770/
5509,https://viaf.org/viaf/79258829/
5510,https://viaf.org/viaf/79271288/
5513,https://viaf.org/viaf/79398682/
5515,https://viaf.org/viaf/79398695/
5516,https://viaf.org/viaf/79414131/
5517,https://viaf.org/viaf/79419966/
5522,https://viaf.org/viaf/803890/
5523,https://viaf.org/viaf/807154/
5528,https://viaf.org/viaf/807647/
5529,https://viaf.org/viaf/808636/
5530,https://viaf.org/viaf/8099277/
5531,https://viaf.org/viaf/81144814374407675870/
5532,https://viaf.org/viaf/8180547/
5533,https://viaf.org/viaf/8180919/
5534,https://viaf.org/viaf/8181546
5535,https://viaf.org/viaf/8184116/
5536,https://viaf.org/viaf/820264/
5537,https://viaf.org/viaf/82440741/
5539,https://viaf.org/viaf/82730567/
5542,https://viaf.org/viaf/83985148/
5543,https://viaf.org/viaf/83987541/
5544,https://viaf.org/viaf/84204886/
5545,https://viaf.org/viaf/84812936/
5546,https://viaf.org/viaf/84971648/
5548,https://viaf.org/viaf/86435125/
5551,https://viaf.org/viaf/86913544/
5552,https://viaf.org/viaf/87346566/
5555,https://viaf.org/viaf/87464456/
5556,https://viaf.org/viaf/87614586/
5557,https://viaf.org/viaf/87640863/
5564,https://viaf.org/viaf/87733041/
5565,https://viaf.org/viaf/8773643/
5566,https://viaf.org/viaf/87869661/
5567,https://viaf.org/viaf/87948535/
5568,https://viaf.org/viaf/88039167/
5569,https://viaf.org/viaf/88067472/
5570,https://viaf.org/viaf/88632213/
5572,https://viaf.org/viaf/88691703/
5574,https://viaf.org/viaf/88726043
5586,https://viaf.org/viaf/88747658
5589,https://viaf.org/viaf/88873163/
5645,https://viaf.org/viaf/88878069
5649,https://viaf.org/viaf/88881722/
5669,https://viaf.org/viaf/88917599/
5675,https://viaf.org/viaf/88940669/
5680,https://viaf.org/viaf/88967224/
5757,https://viaf.org/viaf/88969189
5758,https://viaf.org/viaf/88969561/
5761,https://viaf.org/viaf/89002230/
5762,https://viaf.org/viaf/89040910/
5766,https://viaf.org/viaf/89043754/
5824,https://viaf.org/viaf/89101874/
5826,https://viaf.org/viaf/89104637/
5827,https://viaf.org/viaf/89123645/
5828,https://viaf.org/viaf/89139709
5829,https://viaf.org/viaf/89202304/
5831,https://viaf.org/viaf/89255591/
5833,https://viaf.org/viaf/89376420/
5836,https://viaf.org/viaf/89474613/
5837,https://viaf.org/viaf/89512766/
5838,https://viaf.org/viaf/89594750/
5839,https://viaf.org/viaf/89597697/
5855,https://viaf.org/viaf/89597856/
5856,https://viaf.org/viaf/89599270/
5859,https://viaf.org/viaf/89604435/
5862,https://viaf.org/viaf/89655631/
5863,https://viaf.org/viaf/89708447/
5864,https://viaf.org/viaf/89803256/
5865,https://viaf.org/viaf/90630343/
5866,https://viaf.org/viaf/91967715/
5868,https://viaf.org/viaf/92055226/
5870,https://viaf.org/viaf/92504576/
5871,https://viaf.org/viaf/93101382
5874,https://viaf.org/viaf/93879004/
5875,https://viaf.org/viaf/94978214/
5878,https://viaf.org/viaf/95152094/
5879,https://viaf.org/viaf/95155322/
5962,https://viaf.org/viaf/95155909/
5963,https://viaf.org/viaf/95161348/
5968,https://viaf.org/viaf/95161463/
5970,https://viaf.org/viaf/95167625/
5971,https://viaf.org/viaf/95239377/
5988,https://viaf.org/viaf/95302064/
5989,https://viaf.org/viaf/95367819
5993,https://viaf.org/viaf/96539514
5994,https://viaf.org/viaf/97611338/
5996,https://viaf.org/viaf/97628992/
5997,https://viaf.org/viaf/97934141/
5998,https://viaf.org/viaf/98118283/
6019,https://viaf.org/viaf/9856247
6020,https://viaf.org/viaf/9857802
6022,https://viaf.org/viaf/9873664/
6023,https://viaf.org/viaf/99954624/
6024,https://www.viaf.org/22528402
6025,https://www.viaf.org/viaf/39429158/
